month_t_minus_12,month_t_minus_11,month_t_minus_10,month_t_minus_9,month_t_minus_8,month_t_minus_7,month_t_minus_6,month_t_minus_5,month_t_minus_4,month_t_minus_3,month_t_minus_2,month_t_minus_1
-2.4026995,-1.8766099,-1.0410548,-0.6181204,-0.72127557,-0.43244344,-0.60780466,-1.0307411,-1.1751571,-1.2267337,-1.4536755,-1.6393524
-1.8766099,-1.0410548,-0.6181204,-0.72127557,-0.43244344,-0.60780466,-1.0307411,-1.1751571,-1.2267337,-1.4536755,-1.6393524,-1.690931
-1.0410548,-0.6181204,-0.72127557,-0.43244344,-0.60780466,-1.0307411,-1.1751571,-1.2267337,-1.4536755,-1.6393524,-1.690931,-1.2061043
-0.6181204,-0.72127557,-0.43244344,-0.60780466,-1.0307411,-1.1751571,-1.2267337,-1.4536755,-1.6393524,-1.690931,-1.2061043,0.02143811
-0.72127557,-0.43244344,-0.60780466,-1.0307411,-1.1751571,-1.2267337,-1.4536755,-1.6393524,-1.690931,-1.2061043,0.02143811,0.72289085
-0.43244344,-0.60780466,-1.0307411,-1.1751571,-1.2267337,-1.4536755,-1.6393524,-1.690931,-1.2061043,0.02143811,0.72289085,1.0736172
-0.60780466,-1.0307411,-1.1751571,-1.2267337,-1.4536755,-1.6393524,-1.690931,-1.2061043,0.02143811,0.72289085,1.0736172,0.87762266
-1.0307411,-1.1751571,-1.2267337,-1.4536755,-1.6393524,-1.690931,-1.2061043,0.02143811,0.72289085,1.0736172,0.87762266,0.7435223
-1.1751571,-1.2267337,-1.4536755,-1.6393524,-1.690931,-1.2061043,0.02143811,0.72289085,1.0736172,0.87762266,0.7435223,0.1452247
-1.2267337,-1.4536755,-1.6393524,-1.690931,-1.2061043,0.02143811,0.72289085,1.0736172,0.87762266,0.7435223,0.1452247,0.36184877
-1.4536755,-1.6393524,-1.690931,-1.2061043,0.02143811,0.72289085,1.0736172,0.87762266,0.7435223,0.1452247,0.36184877,0.33090362
-1.6393524,-1.690931,-1.2061043,0.02143811,0.72289085,1.0736172,0.87762266,0.7435223,0.1452247,0.36184877,0.33090362,0.3824802
-1.690931,-1.2061043,0.02143811,0.72289085,1.0736172,0.87762266,0.7435223,0.1452247,0.36184877,0.33090362,0.3824802,0.031753823
-1.2061043,0.02143811,0.72289085,1.0736172,0.87762266,0.7435223,0.1452247,0.36184877,0.33090362,0.3824802,0.031753823,-0.21581739
0.02143811,0.72289085,1.0736172,0.87762266,0.7435223,0.1452247,0.36184877,0.33090362,0.3824802,0.031753823,-0.21581739,-0.14360937
0.72289085,1.0736172,0.87762266,0.7435223,0.1452247,0.36184877,0.33090362,0.3824802,0.031753823,-0.21581739,-0.14360937,0.29995647
1.0736172,0.87762266,0.7435223,0.1452247,0.36184877,0.33090362,0.3824802,0.031753823,-0.21581739,-0.14360937,0.29995647,0.94983065
0.87762266,0.7435223,0.1452247,0.36184877,0.33090362,0.3824802,0.031753823,-0.21581739,-0.14360937,0.29995647,0.94983065,0.9395169
0.7435223,0.1452247,0.36184877,0.33090362,0.3824802,0.031753823,-0.21581739,-0.14360937,0.29995647,0.94983065,0.9395169,0.3102722
0.1452247,0.36184877,0.33090362,0.3824802,0.031753823,-0.21581739,-0.14360937,0.29995647,0.94983065,0.9395169,0.3102722,-0.36023346
0.36184877,0.33090362,0.3824802,0.031753823,-0.21581739,-0.14360937,0.29995647,0.94983065,0.9395169,0.3102722,-0.36023346,-0.5974909
0.33090362,0.3824802,0.031753823,-0.21581739,-0.14360937,0.29995647,0.94983065,0.9395169,0.3102722,-0.36023346,-0.5974909,-0.5355966
0.3824802,0.031753823,-0.21581739,-0.14360937,0.29995647,0.94983065,0.9395169,0.3102722,-0.36023346,-0.5974909,-0.5355966,-0.6387518
0.031753823,-0.21581739,-0.14360937,0.29995647,0.94983065,0.9395169,0.3102722,-0.36023346,-0.5974909,-0.5355966,-0.6387518,-0.9894782
-0.21581739,-0.14360937,0.29995647,0.94983065,0.9395169,0.3102722,-0.36023346,-0.5974909,-0.5355966,-0.6387518,-0.9894782,-0.6903304
-0.14360937,0.29995647,0.94983065,0.9395169,0.3102722,-0.36023346,-0.5974909,-0.5355966,-0.6387518,-0.9894782,-0.6903304,-0.14360937
0.29995647,0.94983065,0.9395169,0.3102722,-0.36023346,-0.5974909,-0.5355966,-0.6387518,-0.9894782,-0.6903304,-0.14360937,0.12459327
0.94983065,0.9395169,0.3102722,-0.36023346,-0.5974909,-0.5355966,-0.6387518,-0.9894782,-0.6903304,-0.14360937,0.12459327,0.71257514
0.9395169,0.3102722,-0.36023346,-0.5974909,-0.5355966,-0.6387518,-0.9894782,-0.6903304,-0.14360937,0.12459327,0.71257514,1.1974039
0.3102722,-0.36023346,-0.5974909,-0.5355966,-0.6387518,-0.9894782,-0.6903304,-0.14360937,0.12459327,0.71257514,1.1974039,1.444975
-0.36023346,-0.5974909,-0.5355966,-0.6387518,-0.9894782,-0.6903304,-0.14360937,0.12459327,0.71257514,1.1974039,1.444975,1.2799276
-0.5974909,-0.5355966,-0.6387518,-0.9894782,-0.6903304,-0.14360937,0.12459327,0.71257514,1.1974039,1.444975,1.2799276,0.5681591
-0.5355966,-0.6387518,-0.9894782,-0.6903304,-0.14360937,0.12459327,0.71257514,1.1974039,1.444975,1.2799276,0.5681591,0.062700965
-0.6387518,-0.9894782,-0.6903304,-0.14360937,0.12459327,0.71257514,1.1974039,1.444975,1.2799276,0.5681591,0.062700965,0.13490899
-0.9894782,-0.6903304,-0.14360937,0.12459327,0.71257514,1.1974039,1.444975,1.2799276,0.5681591,0.062700965,0.13490899,-0.009507062
-0.6903304,-0.14360937,0.12459327,0.71257514,1.1974039,1.444975,1.2799276,0.5681591,0.062700965,0.13490899,-0.009507062,0.0008066837
-0.14360937,0.12459327,0.71257514,1.1974039,1.444975,1.2799276,0.5681591,0.062700965,0.13490899,-0.009507062,0.0008066837,0.12459327
0.12459327,0.71257514,1.1974039,1.444975,1.2799276,0.5681591,0.062700965,0.13490899,-0.009507062,0.0008066837,0.12459327,0.10396185
0.71257514,1.1974039,1.444975,1.2799276,0.5681591,0.062700965,0.13490899,-0.009507062,0.0008066837,0.12459327,0.10396185,0.15554042
1.1974039,1.444975,1.2799276,0.5681591,0.062700965,0.13490899,-0.009507062,0.0008066837,0.12459327,0.10396185,0.15554042,0.02143811
1.444975,1.2799276,0.5681591,0.062700965,0.13490899,-0.009507062,0.0008066837,0.12459327,0.10396185,0.15554042,0.02143811,-0.24676454
1.2799276,0.5681591,0.062700965,0.13490899,-0.009507062,0.0008066837,0.12459327,0.10396185,0.15554042,0.02143811,-0.24676454,0.24837987
0.5681591,0.062700965,0.13490899,-0.009507062,0.0008066837,0.12459327,0.10396185,0.15554042,0.02143811,-0.24676454,0.24837987,-0.08171706
0.062700965,0.13490899,-0.009507062,0.0008066837,0.12459327,0.10396185,0.15554042,0.02143811,-0.24676454,0.24837987,-0.08171706,-0.79348356
0.13490899,-0.009507062,0.0008066837,0.12459327,0.10396185,0.15554042,0.02143811,-0.24676454,0.24837987,-0.08171706,-0.79348356,-1.4949363
-0.009507062,0.0008066837,0.12459327,0.10396185,0.15554042,0.02143811,-0.24676454,0.24837987,-0.08171706,-0.79348356,-1.4949363,-1.8147156
0.0008066837,0.12459327,0.10396185,0.15554042,0.02143811,-0.24676454,0.24837987,-0.08171706,-0.79348356,-1.4949363,-1.8147156,-1.7012466
0.12459327,0.10396185,0.15554042,0.02143811,-0.24676454,0.24837987,-0.08171706,-0.79348356,-1.4949363,-1.8147156,-1.7012466,-1.3505203
0.10396185,0.15554042,0.02143811,-0.24676454,0.24837987,-0.08171706,-0.79348356,-1.4949363,-1.8147156,-1.7012466,-1.3505203,-1.6702995
0.15554042,0.02143811,-0.24676454,0.24837987,-0.08171706,-0.79348356,-1.4949363,-1.8147156,-1.7012466,-1.3505203,-1.6702995,-1.3092574
0.02143811,-0.24676454,0.24837987,-0.08171706,-0.79348356,-1.4949363,-1.8147156,-1.7012466,-1.3505203,-1.6702995,-1.3092574,-1.102949
-0.24676454,0.24837987,-0.08171706,-0.79348356,-1.4949363,-1.8147156,-1.7012466,-1.3505203,-1.6702995,-1.3092574,-1.102949,-0.68001467
0.24837987,-0.08171706,-0.79348356,-1.4949363,-1.8147156,-1.7012466,-1.3505203,-1.6702995,-1.3092574,-1.102949,-0.68001467,-0.2880254
-0.08171706,-0.79348356,-1.4949363,-1.8147156,-1.7012466,-1.3505203,-1.6702995,-1.3092574,-1.102949,-0.68001467,-0.2880254,-0.22613311
-0.79348356,-1.4949363,-1.8147156,-1.7012466,-1.3505203,-1.6702995,-1.3092574,-1.102949,-0.68001467,-0.2880254,-0.22613311,-0.339604
-1.4949363,-1.8147156,-1.7012466,-1.3505203,-1.6702995,-1.3092574,-1.102949,-0.68001467,-0.2880254,-0.22613311,-0.339604,-0.75222266
-1.8147156,-1.7012466,-1.3505203,-1.6702995,-1.3092574,-1.102949,-0.68001467,-0.2880254,-0.22613311,-0.339604,-0.75222266,-1.4124126
-1.7012466,-1.3505203,-1.6702995,-1.3092574,-1.102949,-0.68001467,-0.2880254,-0.22613311,-0.339604,-0.75222266,-1.4124126,-1.6496681
-1.3505203,-1.6702995,-1.3092574,-1.102949,-0.68001467,-0.2880254,-0.22613311,-0.339604,-0.75222266,-1.4124126,-1.6496681,-2.5471156
-1.6702995,-1.3092574,-1.102949,-0.68001467,-0.2880254,-0.22613311,-0.339604,-0.75222266,-1.4124126,-1.6496681,-2.5471156,-2.712163
-1.3092574,-1.102949,-0.68001467,-0.2880254,-0.22613311,-0.339604,-0.75222266,-1.4124126,-1.6496681,-2.5471156,-2.712163,-2.382068
-1.102949,-0.68001467,-0.2880254,-0.22613311,-0.339604,-0.75222266,-1.4124126,-1.6496681,-2.5471156,-2.712163,-2.382068,-1.5877758
-0.68001467,-0.2880254,-0.22613311,-0.339604,-0.75222266,-1.4124126,-1.6496681,-2.5471156,-2.712163,-2.382068,-1.5877758,-1.1545256
-0.2880254,-0.22613311,-0.339604,-0.75222266,-1.4124126,-1.6496681,-2.5471156,-2.712163,-2.382068,-1.5877758,-1.1545256,-0.43244344
-0.22613311,-0.339604,-0.75222266,-1.4124126,-1.6496681,-2.5471156,-2.712163,-2.382068,-1.5877758,-1.1545256,-0.43244344,-0.030138489
-0.339604,-0.75222266,-1.4124126,-1.6496681,-2.5471156,-2.712163,-2.382068,-1.5877758,-1.1545256,-0.43244344,-0.030138489,0.2586936
-0.75222266,-1.4124126,-1.6496681,-2.5471156,-2.712163,-2.382068,-1.5877758,-1.1545256,-0.43244344,-0.030138489,0.2586936,-0.07140134
-1.4124126,-1.6496681,-2.5471156,-2.712163,-2.382068,-1.5877758,-1.1545256,-0.43244344,-0.030138489,0.2586936,-0.07140134,-0.66969895
-1.6496681,-2.5471156,-2.712163,-2.382068,-1.5877758,-1.1545256,-0.43244344,-0.030138489,0.2586936,-0.07140134,-0.66969895,-1.2370495
-2.5471156,-2.712163,-2.382068,-1.5877758,-1.1545256,-0.43244344,-0.030138489,0.2586936,-0.07140134,-0.66969895,-1.2370495,-1.1854728
-2.712163,-2.382068,-1.5877758,-1.1545256,-0.43244344,-0.030138489,0.2586936,-0.07140134,-0.66969895,-1.2370495,-1.1854728,-1.1648414
-2.382068,-1.5877758,-1.1545256,-0.43244344,-0.030138489,0.2586936,-0.07140134,-0.66969895,-1.2370495,-1.1854728,-1.1648414,-1.360836
-1.5877758,-1.1545256,-0.43244344,-0.030138489,0.2586936,-0.07140134,-0.66969895,-1.2370495,-1.1854728,-1.1648414,-1.360836,-1.2061043
-1.1545256,-0.43244344,-0.030138489,0.2586936,-0.07140134,-0.66969895,-1.2370495,-1.1854728,-1.1648414,-1.360836,-1.2061043,-0.8656916
-0.43244344,-0.030138489,0.2586936,-0.07140134,-0.66969895,-1.2370495,-1.1854728,-1.1648414,-1.360836,-1.2061043,-0.8656916,-0.34991774
-0.030138489,0.2586936,-0.07140134,-0.66969895,-1.2370495,-1.1854728,-1.1648414,-1.360836,-1.2061043,-0.8656916,-0.34991774,0.5991043
0.2586936,-0.07140134,-0.66969895,-1.2370495,-1.1854728,-1.1648414,-1.360836,-1.2061043,-0.8656916,-0.34991774,0.5991043,1.3933965
-0.07140134,-0.66969895,-1.2370495,-1.1854728,-1.1648414,-1.360836,-1.2061043,-0.8656916,-0.34991774,0.5991043,1.3933965,1.7234914
-0.66969895,-1.2370495,-1.1854728,-1.1648414,-1.360836,-1.2061043,-0.8656916,-0.34991774,0.5991043,1.3933965,1.7234914,1.5274988
-1.2370495,-1.1854728,-1.1648414,-1.360836,-1.2061043,-0.8656916,-0.34991774,0.5991043,1.3933965,1.7234914,1.5274988,1.3315042
-1.1854728,-1.1648414,-1.360836,-1.2061043,-0.8656916,-0.34991774,0.5991043,1.3933965,1.7234914,1.5274988,1.3315042,0.83636177
-1.1648414,-1.360836,-1.2061043,-0.8656916,-0.34991774,0.5991043,1.3933965,1.7234914,1.5274988,1.3315042,0.83636177,0.5784748
-1.360836,-1.2061043,-0.8656916,-0.34991774,0.5991043,1.3933965,1.7234914,1.5274988,1.3315042,0.83636177,0.5784748,0.5578434
-1.2061043,-0.8656916,-0.34991774,0.5991043,1.3933965,1.7234914,1.5274988,1.3315042,0.83636177,0.5784748,0.5578434,0.7641537
-0.8656916,-0.34991774,0.5991043,1.3933965,1.7234914,1.5274988,1.3315042,0.83636177,0.5784748,0.5578434,0.7641537,1.0529858
-0.34991774,0.5991043,1.3933965,1.7234914,1.5274988,1.3315042,0.83636177,0.5784748,0.5578434,0.7641537,1.0529858,1.4965516
0.5991043,1.3933965,1.7234914,1.5274988,1.3315042,0.83636177,0.5784748,0.5578434,0.7641537,1.0529858,1.4965516,1.4037123
1.3933965,1.7234914,1.5274988,1.3315042,0.83636177,0.5784748,0.5578434,0.7641537,1.0529858,1.4965516,1.4037123,1.4346594
1.7234914,1.5274988,1.3315042,0.83636177,0.5784748,0.5578434,0.7641537,1.0529858,1.4965516,1.4037123,1.4346594,1.4346594
1.5274988,1.3315042,0.83636177,0.5784748,0.5578434,0.7641537,1.0529858,1.4965516,1.4037123,1.4346594,1.4346594,1.4759202
1.3315042,0.83636177,0.5784748,0.5578434,0.7641537,1.0529858,1.4965516,1.4037123,1.4346594,1.4346594,1.4759202,1.1458253
0.83636177,0.5784748,0.5578434,0.7641537,1.0529858,1.4965516,1.4037123,1.4346594,1.4346594,1.4759202,1.1458253,0.45468822
0.5784748,0.5578434,0.7641537,1.0529858,1.4965516,1.4037123,1.4346594,1.4346594,1.4759202,1.1458253,0.45468822,-0.030138489
0.5578434,0.7641537,1.0529858,1.4965516,1.4037123,1.4346594,1.4346594,1.4759202,1.1458253,0.45468822,-0.030138489,-0.49433574
0.7641537,1.0529858,1.4965516,1.4037123,1.4346594,1.4346594,1.4759202,1.1458253,0.45468822,-0.030138489,-0.49433574,-0.4427572
1.0529858,1.4965516,1.4037123,1.4346594,1.4346594,1.4759202,1.1458253,0.45468822,-0.030138489,-0.49433574,-0.4427572,-0.13329366
1.4965516,1.4037123,1.4346594,1.4346594,1.4759202,1.1458253,0.45468822,-0.030138489,-0.49433574,-0.4427572,-0.13329366,-0.267394
1.4037123,1.4346594,1.4346594,1.4759202,1.1458253,0.45468822,-0.030138489,-0.49433574,-0.4427572,-0.13329366,-0.267394,0.1968013
1.4346594,1.4346594,1.4759202,1.1458253,0.45468822,-0.030138489,-0.49433574,-0.4427572,-0.13329366,-0.267394,0.1968013,0.3102722
1.4346594,1.4759202,1.1458253,0.45468822,-0.030138489,-0.49433574,-0.4427572,-0.13329366,-0.267394,0.1968013,0.3102722,0.60942
1.4759202,1.1458253,0.45468822,-0.030138489,-0.49433574,-0.4427572,-0.13329366,-0.267394,0.1968013,0.3102722,0.60942,1.0323544
1.1458253,0.45468822,-0.030138489,-0.49433574,-0.4427572,-0.13329366,-0.267394,0.1968013,0.3102722,0.60942,1.0323544,0.8466775
0.45468822,-0.030138489,-0.49433574,-0.4427572,-0.13329366,-0.267394,0.1968013,0.3102722,0.60942,1.0323544,0.8466775,0.5062668
-0.030138489,-0.49433574,-0.4427572,-0.13329366,-0.267394,0.1968013,0.3102722,0.60942,1.0323544,0.8466775,0.5062668,-0.4530729
-0.49433574,-0.4427572,-0.13329366,-0.267394,0.1968013,0.3102722,0.60942,1.0323544,0.8466775,0.5062668,-0.4530729,-0.814115
-0.4427572,-0.13329366,-0.267394,0.1968013,0.3102722,0.60942,1.0323544,0.8466775,0.5062668,-0.4530729,-0.814115,-0.9894782
-0.13329366,-0.267394,0.1968013,0.3102722,0.60942,1.0323544,0.8466775,0.5062668,-0.4530729,-0.814115,-0.9894782,-0.65938324
-0.267394,0.1968013,0.3102722,0.60942,1.0323544,0.8466775,0.5062668,-0.4530729,-0.814115,-0.9894782,-0.65938324,-0.8656916
0.1968013,0.3102722,0.60942,1.0323544,0.8466775,0.5062668,-0.4530729,-0.814115,-0.9894782,-0.65938324,-0.8656916,-0.72127557
0.3102722,0.60942,1.0323544,0.8466775,0.5062668,-0.4530729,-0.814115,-0.9894782,-0.65938324,-0.8656916,-0.72127557,-0.6284361
0.60942,1.0323544,0.8466775,0.5062668,-0.4530729,-0.814115,-0.9894782,-0.65938324,-0.8656916,-0.72127557,-0.6284361,-0.60780466
1.0323544,0.8466775,0.5062668,-0.4530729,-0.814115,-0.9894782,-0.65938324,-0.8656916,-0.72127557,-0.6284361,-0.60780466,0.10396185
0.8466775,0.5062668,-0.4530729,-0.814115,-0.9894782,-0.65938324,-0.8656916,-0.72127557,-0.6284361,-0.60780466,0.10396185,0.63005143
0.5062668,-0.4530729,-0.814115,-0.9894782,-0.65938324,-0.8656916,-0.72127557,-0.6284361,-0.60780466,0.10396185,0.63005143,0.82604605
-0.4530729,-0.814115,-0.9894782,-0.65938324,-0.8656916,-0.72127557,-0.6284361,-0.60780466,0.10396185,0.63005143,0.82604605,0.3721645
-0.814115,-0.9894782,-0.65938324,-0.8656916,-0.72127557,-0.6284361,-0.60780466,0.10396185,0.63005143,0.82604605,0.3721645,0.0008066837
-0.9894782,-0.65938324,-0.8656916,-0.72127557,-0.6284361,-0.60780466,0.10396185,0.63005143,0.82604605,0.3721645,0.0008066837,-0.18487026
-0.65938324,-0.8656916,-0.72127557,-0.6284361,-0.60780466,0.10396185,0.63005143,0.82604605,0.3721645,0.0008066837,-0.18487026,-0.4530729
-0.8656916,-0.72127557,-0.6284361,-0.60780466,0.10396185,0.63005143,0.82604605,0.3721645,0.0008066837,-0.18487026,-0.4530729,-0.68001467
-0.72127557,-0.6284361,-0.60780466,0.10396185,0.63005143,0.82604605,0.3721645,0.0008066837,-0.18487026,-0.4530729,-0.68001467,-0.6387518
-0.6284361,-0.60780466,0.10396185,0.63005143,0.82604605,0.3721645,0.0008066837,-0.18487026,-0.4530729,-0.68001467,-0.6387518,-0.68001467
-0.60780466,0.10396185,0.63005143,0.82604605,0.3721645,0.0008066837,-0.18487026,-0.4530729,-0.68001467,-0.6387518,-0.68001467,-0.66969895
0.10396185,0.63005143,0.82604605,0.3721645,0.0008066837,-0.18487026,-0.4530729,-0.68001467,-0.6387518,-0.68001467,-0.66969895,-0.32928827
0.63005143,0.82604605,0.3721645,0.0008066837,-0.18487026,-0.4530729,-0.68001467,-0.6387518,-0.68001467,-0.66969895,-0.32928827,0.062700965
0.82604605,0.3721645,0.0008066837,-0.18487026,-0.4530729,-0.68001467,-0.6387518,-0.68001467,-0.66969895,-0.32928827,0.062700965,0.4959511
0.3721645,0.0008066837,-0.18487026,-0.4530729,-0.68001467,-0.6387518,-0.68001467,-0.66969895,-0.32928827,0.062700965,0.4959511,0.8982541
0.0008066837,-0.18487026,-0.4530729,-0.68001467,-0.6387518,-0.68001467,-0.66969895,-0.32928827,0.062700965,0.4959511,0.8982541,0.81573033
-0.18487026,-0.4530729,-0.68001467,-0.6387518,-0.68001467,-0.66969895,-0.32928827,0.062700965,0.4959511,0.8982541,0.81573033,0.011122397
-0.4530729,-0.68001467,-0.6387518,-0.68001467,-0.66969895,-0.32928827,0.062700965,0.4959511,0.8982541,0.81573033,0.011122397,-0.71095985
-0.68001467,-0.6387518,-0.68001467,-0.66969895,-0.32928827,0.062700965,0.4959511,0.8982541,0.81573033,0.011122397,-0.71095985,-1.1338942
-0.6387518,-0.68001467,-0.66969895,-0.32928827,0.062700965,0.4959511,0.8982541,0.81573033,0.011122397,-0.71095985,-1.1338942,-1.2061043
-0.68001467,-0.66969895,-0.32928827,0.062700965,0.4959511,0.8982541,0.81573033,0.011122397,-0.71095985,-1.1338942,-1.2061043,-0.8347464
-0.66969895,-0.32928827,0.062700965,0.4959511,0.8982541,0.81573033,0.011122397,-0.71095985,-1.1338942,-1.2061043,-0.8347464,-0.9379016
-0.32928827,0.062700965,0.4959511,0.8982541,0.81573033,0.011122397,-0.71095985,-1.1338942,-1.2061043,-0.8347464,-0.9379016,-0.94821733
0.062700965,0.4959511,0.8982541,0.81573033,0.011122397,-0.71095985,-1.1338942,-1.2061043,-0.8347464,-0.9379016,-0.94821733,-0.71095985
0.4959511,0.8982541,0.81573033,0.011122397,-0.71095985,-1.1338942,-1.2061043,-0.8347464,-0.9379016,-0.94821733,-0.71095985,-0.08171706
0.8982541,0.81573033,0.011122397,-0.71095985,-1.1338942,-1.2061043,-0.8347464,-0.9379016,-0.94821733,-0.71095985,-0.08171706,0.2586936
0.81573033,0.011122397,-0.71095985,-1.1338942,-1.2061043,-0.8347464,-0.9379016,-0.94821733,-0.71095985,-0.08171706,0.2586936,0.17616987
0.011122397,-0.71095985,-1.1338942,-1.2061043,-0.8347464,-0.9379016,-0.94821733,-0.71095985,-0.08171706,0.2586936,0.17616987,0.20711702
-0.71095985,-1.1338942,-1.2061043,-0.8347464,-0.9379016,-0.94821733,-0.71095985,-0.08171706,0.2586936,0.17616987,0.20711702,-0.12297794
-1.1338942,-1.2061043,-0.8347464,-0.9379016,-0.94821733,-0.71095985,-0.08171706,0.2586936,0.17616987,0.20711702,-0.12297794,-0.56654376
-1.2061043,-0.8347464,-0.9379016,-0.94821733,-0.71095985,-0.08171706,0.2586936,0.17616987,0.20711702,-0.12297794,-0.56654376,-0.96884674
-0.8347464,-0.9379016,-0.94821733,-0.71095985,-0.08171706,0.2586936,0.17616987,0.20711702,-0.12297794,-0.56654376,-0.96884674,-0.9379016
-0.9379016,-0.94821733,-0.71095985,-0.08171706,0.2586936,0.17616987,0.20711702,-0.12297794,-0.56654376,-0.96884674,-0.9379016,-1.1648414
-0.94821733,-0.71095985,-0.08171706,0.2586936,0.17616987,0.20711702,-0.12297794,-0.56654376,-0.96884674,-0.9379016,-1.1648414,-1.2473651
-0.71095985,-0.08171706,0.2586936,0.17616987,0.20711702,-0.12297794,-0.56654376,-0.96884674,-0.9379016,-1.1648414,-1.2473651,-1.14421
-0.08171706,0.2586936,0.17616987,0.20711702,-0.12297794,-0.56654376,-0.96884674,-0.9379016,-1.1648414,-1.2473651,-1.14421,-0.68001467
0.2586936,0.17616987,0.20711702,-0.12297794,-0.56654376,-0.96884674,-0.9379016,-1.1648414,-1.2473651,-1.14421,-0.68001467,0.3102722
0.17616987,0.20711702,-0.12297794,-0.56654376,-0.96884674,-0.9379016,-1.1648414,-1.2473651,-1.14421,-0.68001467,0.3102722,0.9292012
0.20711702,-0.12297794,-0.56654376,-0.96884674,-0.9379016,-1.1648414,-1.2473651,-1.14421,-0.68001467,0.3102722,0.9292012,0.77446747
-0.12297794,-0.56654376,-0.96884674,-0.9379016,-1.1648414,-1.2473651,-1.14421,-0.68001467,0.3102722,0.9292012,0.77446747,0.7641537
-0.56654376,-0.96884674,-0.9379016,-1.1648414,-1.2473651,-1.14421,-0.68001467,0.3102722,0.9292012,0.77446747,0.7641537,0.9292012
-0.96884674,-0.9379016,-1.1648414,-1.2473651,-1.14421,-0.68001467,0.3102722,0.9292012,0.77446747,0.7641537,0.9292012,0.6197357
-0.9379016,-1.1648414,-1.2473651,-1.14421,-0.68001467,0.3102722,0.9292012,0.77446747,0.7641537,0.9292012,0.6197357,0.53721195
-1.1648414,-1.2473651,-1.14421,-0.68001467,0.3102722,0.9292012,0.77446747,0.7641537,0.9292012,0.6197357,0.53721195,0.4959511
-1.2473651,-1.14421,-0.68001467,0.3102722,0.9292012,0.77446747,0.7641537,0.9292012,0.6197357,0.53721195,0.4959511,0.60942
-1.14421,-0.68001467,0.3102722,0.9292012,0.77446747,0.7641537,0.9292012,0.6197357,0.53721195,0.4959511,0.60942,0.7641537
-0.68001467,0.3102722,0.9292012,0.77446747,0.7641537,0.9292012,0.6197357,0.53721195,0.4959511,0.60942,0.7641537,0.47531965
0.3102722,0.9292012,0.77446747,0.7641537,0.9292012,0.6197357,0.53721195,0.4959511,0.60942,0.7641537,0.47531965,0.2586936
0.9292012,0.77446747,0.7641537,0.9292012,0.6197357,0.53721195,0.4959511,0.60942,0.7641537,0.47531965,0.2586936,0.1452247
0.77446747,0.7641537,0.9292012,0.6197357,0.53721195,0.4959511,0.60942,0.7641537,0.47531965,0.2586936,0.1452247,0.07301668
0.7641537,0.9292012,0.6197357,0.53721195,0.4959511,0.60942,0.7641537,0.47531965,0.2586936,0.1452247,0.07301668,-0.06108563
0.9292012,0.6197357,0.53721195,0.4959511,0.60942,0.7641537,0.47531965,0.2586936,0.1452247,0.07301668,-0.06108563,-0.29834113
0.6197357,0.53721195,0.4959511,0.60942,0.7641537,0.47531965,0.2586936,0.1452247,0.07301668,-0.06108563,-0.29834113,-0.56654376
0.53721195,0.4959511,0.60942,0.7641537,0.47531965,0.2586936,0.1452247,0.07301668,-0.06108563,-0.29834113,-0.56654376,-1.3195732
0.4959511,0.60942,0.7641537,0.47531965,0.2586936,0.1452247,0.07301668,-0.06108563,-0.29834113,-0.56654376,-1.3195732,-1.6084073
0.60942,0.7641537,0.47531965,0.2586936,0.1452247,0.07301668,-0.06108563,-0.29834113,-0.56654376,-1.3195732,-1.6084073,-1.5568286
0.7641537,0.47531965,0.2586936,0.1452247,0.07301668,-0.06108563,-0.29834113,-0.56654376,-1.3195732,-1.6084073,-1.5568286,-1.6702995
0.47531965,0.2586936,0.1452247,0.07301668,-0.06108563,-0.29834113,-0.56654376,-1.3195732,-1.6084073,-1.5568286,-1.6702995,-1.7012466
0.2586936,0.1452247,0.07301668,-0.06108563,-0.29834113,-0.56654376,-1.3195732,-1.6084073,-1.5568286,-1.6702995,-1.7012466,-1.2576809
0.1452247,0.07301668,-0.06108563,-0.29834113,-0.56654376,-1.3195732,-1.6084073,-1.5568286,-1.6702995,-1.7012466,-1.2576809,-0.71095985
0.07301668,-0.06108563,-0.29834113,-0.56654376,-1.3195732,-1.6084073,-1.5568286,-1.6702995,-1.7012466,-1.2576809,-0.71095985,0.062700965
-0.06108563,-0.29834113,-0.56654376,-1.3195732,-1.6084073,-1.5568286,-1.6702995,-1.7012466,-1.2576809,-0.71095985,0.062700965,0.5165805
-0.29834113,-0.56654376,-1.3195732,-1.6084073,-1.5568286,-1.6702995,-1.7012466,-1.2576809,-0.71095985,0.062700965,0.5165805,1.1458253
-0.56654376,-1.3195732,-1.6084073,-1.5568286,-1.6702995,-1.7012466,-1.2576809,-0.71095985,0.062700965,0.5165805,1.1458253,1.2489804
-1.3195732,-1.6084073,-1.5568286,-1.6702995,-1.7012466,-1.2576809,-0.71095985,0.062700965,0.5165805,1.1458253,1.2489804,1.0529858
-1.6084073,-1.5568286,-1.6702995,-1.7012466,-1.2576809,-0.71095985,0.062700965,0.5165805,1.1458253,1.2489804,1.0529858,1.1251938
-1.5568286,-1.6702995,-1.7012466,-1.2576809,-0.71095985,0.062700965,0.5165805,1.1458253,1.2489804,1.0529858,1.1251938,1.1664567
-1.6702995,-1.7012466,-1.2576809,-0.71095985,0.062700965,0.5165805,1.1458253,1.2489804,1.0529858,1.1251938,1.1664567,1.3315042
-1.7012466,-1.2576809,-0.71095985,0.062700965,0.5165805,1.1458253,1.2489804,1.0529858,1.1251938,1.1664567,1.3315042,1.2799276
-1.2576809,-0.71095985,0.062700965,0.5165805,1.1458253,1.2489804,1.0529858,1.1251938,1.1664567,1.3315042,1.2799276,1.1148782
-0.71095985,0.062700965,0.5165805,1.1458253,1.2489804,1.0529858,1.1251938,1.1664567,1.3315042,1.2799276,1.1148782,0.81573033
0.062700965,0.5165805,1.1458253,1.2489804,1.0529858,1.1251938,1.1664567,1.3315042,1.2799276,1.1148782,0.81573033,0.69194376
0.5165805,1.1458253,1.2489804,1.0529858,1.1251938,1.1664567,1.3315042,1.2799276,1.1148782,0.81573033,0.69194376,1.3727651
1.1458253,1.2489804,1.0529858,1.1251938,1.1664567,1.3315042,1.2799276,1.1148782,0.81573033,0.69194376,1.3727651,1.3211884
1.2489804,1.0529858,1.1251938,1.1664567,1.3315042,1.2799276,1.1148782,0.81573033,0.69194376,1.3727651,1.3211884,0.69194376
1.0529858,1.1251938,1.1664567,1.3315042,1.2799276,1.1148782,0.81573033,0.69194376,1.3727651,1.3211884,0.69194376,0.7847832
1.1251938,1.1664567,1.3315042,1.2799276,1.1148782,0.81573033,0.69194376,1.3727651,1.3211884,0.69194376,0.7847832,0.46500394
1.1664567,1.3315042,1.2799276,1.1148782,0.81573033,0.69194376,1.3727651,1.3211884,0.69194376,0.7847832,0.46500394,-0.411812
1.3315042,1.2799276,1.1148782,0.81573033,0.69194376,1.3727651,1.3211884,0.69194376,0.7847832,0.46500394,-0.411812,-0.6284361
1.2799276,1.1148782,0.81573033,0.69194376,1.3727651,1.3211884,0.69194376,0.7847832,0.46500394,-0.411812,-0.6284361,-0.68001467
1.1148782,0.81573033,0.69194376,1.3727651,1.3211884,0.69194376,0.7847832,0.46500394,-0.411812,-0.6284361,-0.68001467,-0.66969895
0.81573033,0.69194376,1.3727651,1.3211884,0.69194376,0.7847832,0.46500394,-0.411812,-0.6284361,-0.68001467,-0.66969895,-0.8760073
0.69194376,1.3727651,1.3211884,0.69194376,0.7847832,0.46500394,-0.411812,-0.6284361,-0.68001467,-0.66969895,-0.8760073,-1.0307411
1.3727651,1.3211884,0.69194376,0.7847832,0.46500394,-0.411812,-0.6284361,-0.68001467,-0.66969895,-0.8760073,-1.0307411,-0.79348356
1.3211884,0.69194376,0.7847832,0.46500394,-0.411812,-0.6284361,-0.68001467,-0.66969895,-0.8760073,-1.0307411,-0.79348356,-0.39118057
0.69194376,0.7847832,0.46500394,-0.411812,-0.6284361,-0.68001467,-0.66969895,-0.8760073,-1.0307411,-0.79348356,-0.39118057,-0.14360937
0.7847832,0.46500394,-0.411812,-0.6284361,-0.68001467,-0.66969895,-0.8760073,-1.0307411,-0.79348356,-0.39118057,-0.14360937,0.48563537
0.46500394,-0.411812,-0.6284361,-0.68001467,-0.66969895,-0.8760073,-1.0307411,-0.79348356,-0.39118057,-0.14360937,0.48563537,0.60942
-0.411812,-0.6284361,-0.68001467,-0.66969895,-0.8760073,-1.0307411,-0.79348356,-0.39118057,-0.14360937,0.48563537,0.60942,0.09364614
-0.6284361,-0.68001467,-0.66969895,-0.8760073,-1.0307411,-0.79348356,-0.39118057,-0.14360937,0.48563537,0.60942,0.09364614,-0.4530729
-0.68001467,-0.66969895,-0.8760073,-1.0307411,-0.79348356,-0.39118057,-0.14360937,0.48563537,0.60942,0.09364614,-0.4530729,-1.0513705
-0.66969895,-0.8760073,-1.0307411,-0.79348356,-0.39118057,-0.14360937,0.48563537,0.60942,0.09364614,-0.4530729,-1.0513705,-0.9379016
-0.8760073,-1.0307411,-0.79348356,-0.39118057,-0.14360937,0.48563537,0.60942,0.09364614,-0.4530729,-1.0513705,-0.9379016,-0.8244307
-1.0307411,-0.79348356,-0.39118057,-0.14360937,0.48563537,0.60942,0.09364614,-0.4530729,-1.0513705,-0.9379016,-0.8244307,-0.958531
-0.79348356,-0.39118057,-0.14360937,0.48563537,0.60942,0.09364614,-0.4530729,-1.0513705,-0.9379016,-0.8244307,-0.958531,-1.2267337
-0.39118057,-0.14360937,0.48563537,0.60942,0.09364614,-0.4530729,-1.0513705,-0.9379016,-0.8244307,-0.958531,-1.2267337,-1.2370495
-0.14360937,0.48563537,0.60942,0.09364614,-0.4530729,-1.0513705,-0.9379016,-0.8244307,-0.958531,-1.2267337,-1.2370495,-0.56654376
0.48563537,0.60942,0.09364614,-0.4530729,-1.0513705,-0.9379016,-0.8244307,-0.958531,-1.2267337,-1.2370495,-0.56654376,0.22774844
0.60942,0.09364614,-0.4530729,-1.0513705,-0.9379016,-0.8244307,-0.958531,-1.2267337,-1.2370495,-0.56654376,0.22774844,0.3205879
0.09364614,-0.4530729,-1.0513705,-0.9379016,-0.8244307,-0.958531,-1.2267337,-1.2370495,-0.56654376,0.22774844,0.3205879,1.0323544
-0.4530729,-1.0513705,-0.9379016,-0.8244307,-0.958531,-1.2267337,-1.2370495,-0.56654376,0.22774844,0.3205879,1.0323544,0.72289085
-1.0513705,-0.9379016,-0.8244307,-0.958531,-1.2267337,-1.2370495,-0.56654376,0.22774844,0.3205879,1.0323544,0.72289085,0.13490899
-0.9379016,-0.8244307,-0.958531,-1.2267337,-1.2370495,-0.56654376,0.22774844,0.3205879,1.0323544,0.72289085,0.13490899,-0.16424079
-0.8244307,-0.958531,-1.2267337,-1.2370495,-0.56654376,0.22774844,0.3205879,1.0323544,0.72289085,0.13490899,-0.16424079,-0.13329366
-0.958531,-1.2267337,-1.2370495,-0.56654376,0.22774844,0.3205879,1.0323544,0.72289085,0.13490899,-0.16424079,-0.13329366,0.33090362
-1.2267337,-1.2370495,-0.56654376,0.22774844,0.3205879,1.0323544,0.72289085,0.13490899,-0.16424079,-0.13329366,0.33090362,0.40311164
-1.2370495,-0.56654376,0.22774844,0.3205879,1.0323544,0.72289085,0.13490899,-0.16424079,-0.13329366,0.33090362,0.40311164,0.64036715
-0.56654376,0.22774844,0.3205879,1.0323544,0.72289085,0.13490899,-0.16424079,-0.13329366,0.33090362,0.40311164,0.64036715,1.011725
0.22774844,0.3205879,1.0323544,0.72289085,0.13490899,-0.16424079,-0.13329366,0.33090362,0.40311164,0.64036715,1.011725,0.9704621
0.3205879,1.0323544,0.72289085,0.13490899,-0.16424079,-0.13329366,0.33090362,0.40311164,0.64036715,1.011725,0.9704621,1.2902414
1.0323544,0.72289085,0.13490899,-0.16424079,-0.13329366,0.33090362,0.40311164,0.64036715,1.011725,0.9704621,1.2902414,1.4552908
0.72289085,0.13490899,-0.16424079,-0.13329366,0.33090362,0.40311164,0.64036715,1.011725,0.9704621,1.2902414,1.4552908,0.83636177
0.13490899,-0.16424079,-0.13329366,0.33090362,0.40311164,0.64036715,1.011725,0.9704621,1.2902414,1.4552908,0.83636177,0.20711702
-0.16424079,-0.13329366,0.33090362,0.40311164,0.64036715,1.011725,0.9704621,1.2902414,1.4552908,0.83636177,0.20711702,0.1452247
-0.13329366,0.33090362,0.40311164,0.64036715,1.011725,0.9704621,1.2902414,1.4552908,0.83636177,0.20711702,0.1452247,0.27932504
0.33090362,0.40311164,0.64036715,1.011725,0.9704621,1.2902414,1.4552908,0.83636177,0.20711702,0.1452247,0.27932504,0.47531965
0.40311164,0.64036715,1.011725,0.9704621,1.2902414,1.4552908,0.83636177,0.20711702,0.1452247,0.27932504,0.47531965,0.22774844
0.64036715,1.011725,0.9704621,1.2902414,1.4552908,0.83636177,0.20711702,0.1452247,0.27932504,0.47531965,0.22774844,0.10396185
1.011725,0.9704621,1.2902414,1.4552908,0.83636177,0.20711702,0.1452247,0.27932504,0.47531965,0.22774844,0.10396185,-0.050769914
0.9704621,1.2902414,1.4552908,0.83636177,0.20711702,0.1452247,0.27932504,0.47531965,0.22774844,0.10396185,-0.050769914,0.07301668
1.2902414,1.4552908,0.83636177,0.20711702,0.1452247,0.27932504,0.47531965,0.22774844,0.10396185,-0.050769914,0.07301668,0.26900932
1.4552908,0.83636177,0.20711702,0.1452247,0.27932504,0.47531965,0.22774844,0.10396185,-0.050769914,0.07301668,0.26900932,0.8879384
0.83636177,0.20711702,0.1452247,0.27932504,0.47531965,0.22774844,0.10396185,-0.050769914,0.07301668,0.26900932,0.8879384,0.77446747
0.20711702,0.1452247,0.27932504,0.47531965,0.22774844,0.10396185,-0.050769914,0.07301668,0.26900932,0.8879384,0.77446747,0.16585612
0.1452247,0.27932504,0.47531965,0.22774844,0.10396185,-0.050769914,0.07301668,0.26900932,0.8879384,0.77446747,0.16585612,-0.6903304
0.27932504,0.47531965,0.22774844,0.10396185,-0.050769914,0.07301668,0.26900932,0.8879384,0.77446747,0.16585612,-0.6903304,-1.3195732
0.47531965,0.22774844,0.10396185,-0.050769914,0.07301668,0.26900932,0.8879384,0.77446747,0.16585612,-0.6903304,-1.3195732,-1.2679965
0.22774844,0.10396185,-0.050769914,0.07301668,0.26900932,0.8879384,0.77446747,0.16585612,-0.6903304,-1.3195732,-1.2679965,-1.3195732
0.10396185,-0.050769914,0.07301668,0.26900932,0.8879384,0.77446747,0.16585612,-0.6903304,-1.3195732,-1.2679965,-1.3195732,-1.3505203
-0.050769914,0.07301668,0.26900932,0.8879384,0.77446747,0.16585612,-0.6903304,-1.3195732,-1.2679965,-1.3195732,-1.3505203,-1.6599839
0.07301668,0.26900932,0.8879384,0.77446747,0.16585612,-0.6903304,-1.3195732,-1.2679965,-1.3195732,-1.3505203,-1.6599839,-2.1344967
0.26900932,0.8879384,0.77446747,0.16585612,-0.6903304,-1.3195732,-1.2679965,-1.3195732,-1.3505203,-1.6599839,-2.1344967,-1.7528232
0.8879384,0.77446747,0.16585612,-0.6903304,-1.3195732,-1.2679965,-1.3195732,-1.3505203,-1.6599839,-2.1344967,-1.7528232,-0.9894782
0.77446747,0.16585612,-0.6903304,-1.3195732,-1.2679965,-1.3195732,-1.3505203,-1.6599839,-2.1344967,-1.7528232,-0.9894782,-0.25708026
0.16585612,-0.6903304,-1.3195732,-1.2679965,-1.3195732,-1.3505203,-1.6599839,-2.1344967,-1.7528232,-0.9894782,-0.25708026,0.07301668
-0.6903304,-1.3195732,-1.2679965,-1.3195732,-1.3505203,-1.6599839,-2.1344967,-1.7528232,-0.9894782,-0.25708026,0.07301668,-0.2880254
-1.3195732,-1.2679965,-1.3195732,-1.3505203,-1.6599839,-2.1344967,-1.7528232,-0.9894782,-0.25708026,0.07301668,-0.2880254,-0.7728541
-1.2679965,-1.3195732,-1.3505203,-1.6599839,-2.1344967,-1.7528232,-0.9894782,-0.25708026,0.07301668,-0.2880254,-0.7728541,-1.1648414
-1.3195732,-1.3505203,-1.6599839,-2.1344967,-1.7528232,-0.9894782,-0.25708026,0.07301668,-0.2880254,-0.7728541,-1.1648414,-1.1957885
-1.3505203,-1.6599839,-2.1344967,-1.7528232,-0.9894782,-0.25708026,0.07301668,-0.2880254,-0.7728541,-1.1648414,-1.1957885,-1.4536755
-1.6599839,-2.1344967,-1.7528232,-0.9894782,-0.25708026,0.07301668,-0.2880254,-0.7728541,-1.1648414,-1.1957885,-1.4536755,-1.360836
-2.1344967,-1.7528232,-0.9894782,-0.25708026,0.07301668,-0.2880254,-0.7728541,-1.1648414,-1.1957885,-1.4536755,-1.360836,-1.5568286
-1.7528232,-0.9894782,-0.25708026,0.07301668,-0.2880254,-0.7728541,-1.1648414,-1.1957885,-1.4536755,-1.360836,-1.5568286,-1.2989417
-0.9894782,-0.25708026,0.07301668,-0.2880254,-0.7728541,-1.1648414,-1.1957885,-1.4536755,-1.360836,-1.5568286,-1.2989417,-0.5974909
-0.25708026,0.07301668,-0.2880254,-0.7728541,-1.1648414,-1.1957885,-1.4536755,-1.360836,-1.5568286,-1.2989417,-0.5974909,0.21743272
0.07301668,-0.2880254,-0.7728541,-1.1648414,-1.1957885,-1.4536755,-1.360836,-1.5568286,-1.2989417,-0.5974909,0.21743272,1.0426701
-0.2880254,-0.7728541,-1.1648414,-1.1957885,-1.4536755,-1.360836,-1.5568286,-1.2989417,-0.5974909,0.21743272,1.0426701,1.486236
-0.7728541,-1.1648414,-1.1957885,-1.4536755,-1.360836,-1.5568286,-1.2989417,-0.5974909,0.21743272,1.0426701,1.486236,1.3418199
-1.1648414,-1.1957885,-1.4536755,-1.360836,-1.5568286,-1.2989417,-0.5974909,0.21743272,1.0426701,1.486236,1.3418199,1.300557
-1.1957885,-1.4536755,-1.360836,-1.5568286,-1.2989417,-0.5974909,0.21743272,1.0426701,1.486236,1.3418199,1.300557,1.1045644
-1.4536755,-1.360836,-1.5568286,-1.2989417,-0.5974909,0.21743272,1.0426701,1.486236,1.3418199,1.300557,1.1045644,1.1045644
-1.360836,-1.5568286,-1.2989417,-0.5974909,0.21743272,1.0426701,1.486236,1.3418199,1.300557,1.1045644,1.1045644,1.4243437
-1.5568286,-1.2989417,-0.5974909,0.21743272,1.0426701,1.486236,1.3418199,1.300557,1.1045644,1.1045644,1.4243437,1.7853857
-1.2989417,-0.5974909,0.21743272,1.0426701,1.486236,1.3418199,1.300557,1.1045644,1.1045644,1.4243437,1.7853857,1.8679094
-0.5974909,0.21743272,1.0426701,1.486236,1.3418199,1.300557,1.1045644,1.1045644,1.4243437,1.7853857,1.8679094,1.5068674
0.21743272,1.0426701,1.486236,1.3418199,1.300557,1.1045644,1.1045644,1.4243437,1.7853857,1.8679094,1.5068674,1.1045644
1.0426701,1.486236,1.3418199,1.300557,1.1045644,1.1045644,1.4243437,1.7853857,1.8679094,1.5068674,1.1045644,0.69194376
1.486236,1.3418199,1.300557,1.1045644,1.1045644,1.4243437,1.7853857,1.8679094,1.5068674,1.1045644,0.69194376,0.3721645
1.3418199,1.300557,1.1045644,1.1045644,1.4243437,1.7853857,1.8679094,1.5068674,1.1045644,0.69194376,0.3721645,0.08333042
1.300557,1.1045644,1.1045644,1.4243437,1.7853857,1.8679094,1.5068674,1.1045644,0.69194376,0.3721645,0.08333042,-0.339604
1.1045644,1.1045644,1.4243437,1.7853857,1.8679094,1.5068674,1.1045644,0.69194376,0.3721645,0.08333042,-0.339604,-1.1545256
1.1045644,1.4243437,1.7853857,1.8679094,1.5068674,1.1045644,0.69194376,0.3721645,0.08333042,-0.339604,-1.1545256,-1.7115624
1.4243437,1.7853857,1.8679094,1.5068674,1.1045644,0.69194376,0.3721645,0.08333042,-0.339604,-1.1545256,-1.7115624,-1.8766099
1.7853857,1.8679094,1.5068674,1.1045644,0.69194376,0.3721645,0.08333042,-0.339604,-1.1545256,-1.7115624,-1.8766099,-2.2170205
1.8679094,1.5068674,1.1045644,0.69194376,0.3721645,0.08333042,-0.339604,-1.1545256,-1.7115624,-1.8766099,-2.2170205,-2.6296391
1.5068674,1.1045644,0.69194376,0.3721645,0.08333042,-0.339604,-1.1545256,-1.7115624,-1.8766099,-2.2170205,-2.6296391,-2.6296391
1.1045644,0.69194376,0.3721645,0.08333042,-0.339604,-1.1545256,-1.7115624,-1.8766099,-2.2170205,-2.6296391,-2.6296391,-2.495539
0.69194376,0.3721645,0.08333042,-0.339604,-1.1545256,-1.7115624,-1.8766099,-2.2170205,-2.6296391,-2.6296391,-2.495539,-1.835347
0.3721645,0.08333042,-0.339604,-1.1545256,-1.7115624,-1.8766099,-2.2170205,-2.6296391,-2.6296391,-2.495539,-1.835347,-1.0720019
0.08333042,-0.339604,-1.1545256,-1.7115624,-1.8766099,-2.2170205,-2.6296391,-2.6296391,-2.495539,-1.835347,-1.0720019,-0.43244344
-0.339604,-1.1545256,-1.7115624,-1.8766099,-2.2170205,-2.6296391,-2.6296391,-2.495539,-1.835347,-1.0720019,-0.43244344,-0.24676454
-1.1545256,-1.7115624,-1.8766099,-2.2170205,-2.6296391,-2.6296391,-2.495539,-1.835347,-1.0720019,-0.43244344,-0.24676454,-0.36023346
-1.7115624,-1.8766099,-2.2170205,-2.6296391,-2.6296391,-2.495539,-1.835347,-1.0720019,-0.43244344,-0.24676454,-0.36023346,-0.5046515
-1.8766099,-2.2170205,-2.6296391,-2.6296391,-2.495539,-1.835347,-1.0720019,-0.43244344,-0.24676454,-0.36023346,-0.5046515,-0.56654376
-2.2170205,-2.6296391,-2.6296391,-2.495539,-1.835347,-1.0720019,-0.43244344,-0.24676454,-0.36023346,-0.5046515,-0.56654376,-0.8244307
-2.6296391,-2.6296391,-2.495539,-1.835347,-1.0720019,-0.43244344,-0.24676454,-0.36023346,-0.5046515,-0.56654376,-0.8244307,-1.1338942
-2.6296391,-2.495539,-1.835347,-1.0720019,-0.43244344,-0.24676454,-0.36023346,-0.5046515,-0.56654376,-0.8244307,-1.1338942,-1.3092574
-2.495539,-1.835347,-1.0720019,-0.43244344,-0.24676454,-0.36023346,-0.5046515,-0.56654376,-0.8244307,-1.1338942,-1.3092574,-1.288628
-1.835347,-1.0720019,-0.43244344,-0.24676454,-0.36023346,-0.5046515,-0.56654376,-0.8244307,-1.1338942,-1.3092574,-1.288628,-0.814115
-1.0720019,-0.43244344,-0.24676454,-0.36023346,-0.5046515,-0.56654376,-0.8244307,-1.1338942,-1.3092574,-1.288628,-0.814115,-0.8347464
-0.43244344,-0.24676454,-0.36023346,-0.5046515,-0.56654376,-0.8244307,-1.1338942,-1.3092574,-1.288628,-0.814115,-0.8347464,-0.71095985
-0.24676454,-0.36023346,-0.5046515,-0.56654376,-0.8244307,-1.1338942,-1.3092574,-1.288628,-0.814115,-0.8347464,-0.71095985,-0.019822776
-0.36023346,-0.5046515,-0.56654376,-0.8244307,-1.1338942,-1.3092574,-1.288628,-0.814115,-0.8347464,-0.71095985,-0.019822776,-0.08171706
-0.5046515,-0.56654376,-0.8244307,-1.1338942,-1.3092574,-1.288628,-0.814115,-0.8347464,-0.71095985,-0.019822776,-0.08171706,-0.66969895
-0.56654376,-0.8244307,-1.1338942,-1.3092574,-1.288628,-0.814115,-0.8347464,-0.71095985,-0.019822776,-0.08171706,-0.66969895,-1.0101097
-0.8244307,-1.1338942,-1.3092574,-1.288628,-0.814115,-0.8347464,-0.71095985,-0.019822776,-0.08171706,-0.66969895,-1.0101097,-1.5980915
-1.1338942,-1.3092574,-1.288628,-0.814115,-0.8347464,-0.71095985,-0.019822776,-0.08171706,-0.66969895,-1.0101097,-1.5980915,-1.8869256
-1.3092574,-1.288628,-0.814115,-0.8347464,-0.71095985,-0.019822776,-0.08171706,-0.66969895,-1.0101097,-1.5980915,-1.8869256,-2.051973
-1.288628,-0.814115,-0.8347464,-0.71095985,-0.019822776,-0.08171706,-0.66969895,-1.0101097,-1.5980915,-1.8869256,-2.051973,-1.8869256
-0.814115,-0.8347464,-0.71095985,-0.019822776,-0.08171706,-0.66969895,-1.0101097,-1.5980915,-1.8869256,-2.051973,-1.8869256,-2.2789128
-0.8347464,-0.71095985,-0.019822776,-0.08171706,-0.66969895,-1.0101097,-1.5980915,-1.8869256,-2.051973,-1.8869256,-2.2789128,-2.4130132
-0.71095985,-0.019822776,-0.08171706,-0.66969895,-1.0101097,-1.5980915,-1.8869256,-2.051973,-1.8869256,-2.2789128,-2.4130132,-1.4330441
-0.019822776,-0.08171706,-0.66969895,-1.0101097,-1.5980915,-1.8869256,-2.051973,-1.8869256,-2.2789128,-2.4130132,-1.4330441,-0.43244344
-0.08171706,-0.66969895,-1.0101097,-1.5980915,-1.8869256,-2.051973,-1.8869256,-2.2789128,-2.4130132,-1.4330441,-0.43244344,0.0008066837
-0.66969895,-1.0101097,-1.5980915,-1.8869256,-2.051973,-1.8869256,-2.2789128,-2.4130132,-1.4330441,-0.43244344,0.0008066837,0.33090362
-1.0101097,-1.5980915,-1.8869256,-2.051973,-1.8869256,-2.2789128,-2.4130132,-1.4330441,-0.43244344,0.0008066837,0.33090362,0.48563537
-1.5980915,-1.8869256,-2.051973,-1.8869256,-2.2789128,-2.4130132,-1.4330441,-0.43244344,0.0008066837,0.33090362,0.48563537,0.2586936
-1.8869256,-2.051973,-1.8869256,-2.2789128,-2.4130132,-1.4330441,-0.43244344,0.0008066837,0.33090362,0.48563537,0.2586936,0.10396185
-2.051973,-1.8869256,-2.2789128,-2.4130132,-1.4330441,-0.43244344,0.0008066837,0.33090362,0.48563537,0.2586936,0.10396185,0.1452247
-1.8869256,-2.2789128,-2.4130132,-1.4330441,-0.43244344,0.0008066837,0.33090362,0.48563537,0.2586936,0.10396185,0.1452247,0.5991043
-2.2789128,-2.4130132,-1.4330441,-0.43244344,0.0008066837,0.33090362,0.48563537,0.2586936,0.10396185,0.1452247,0.5991043,0.5475277
-2.4130132,-1.4330441,-0.43244344,0.0008066837,0.33090362,0.48563537,0.2586936,0.10396185,0.1452247,0.5991043,0.5475277,0.21743272
-1.4330441,-0.43244344,0.0008066837,0.33090362,0.48563537,0.2586936,0.10396185,0.1452247,0.5991043,0.5475277,0.21743272,0.45468822
-0.43244344,0.0008066837,0.33090362,0.48563537,0.2586936,0.10396185,0.1452247,0.5991043,0.5475277,0.21743272,0.45468822,0.2586936
0.0008066837,0.33090362,0.48563537,0.2586936,0.10396185,0.1452247,0.5991043,0.5475277,0.21743272,0.45468822,0.2586936,0.60942
0.33090362,0.48563537,0.2586936,0.10396185,0.1452247,0.5991043,0.5475277,0.21743272,0.45468822,0.2586936,0.60942,0.5784748
0.48563537,0.2586936,0.10396185,0.1452247,0.5991043,0.5475277,0.21743272,0.45468822,0.2586936,0.60942,0.5784748,0.86730695
0.2586936,0.10396185,0.1452247,0.5991043,0.5475277,0.21743272,0.45468822,0.2586936,0.60942,0.5784748,0.86730695,0.8879384
0.10396185,0.1452247,0.5991043,0.5475277,0.21743272,0.45468822,0.2586936,0.60942,0.5784748,0.86730695,0.8879384,0.5165805
0.1452247,0.5991043,0.5475277,0.21743272,0.45468822,0.2586936,0.60942,0.5784748,0.86730695,0.8879384,0.5165805,-0.030138489
0.5991043,0.5475277,0.21743272,0.45468822,0.2586936,0.60942,0.5784748,0.86730695,0.8879384,0.5165805,-0.030138489,0.24837987
0.5475277,0.21743272,0.45468822,0.2586936,0.60942,0.5784748,0.86730695,0.8879384,0.5165805,-0.030138489,0.24837987,0.48563537
0.21743272,0.45468822,0.2586936,0.60942,0.5784748,0.86730695,0.8879384,0.5165805,-0.030138489,0.24837987,0.48563537,0.3205879
0.45468822,0.2586936,0.60942,0.5784748,0.86730695,0.8879384,0.5165805,-0.030138489,0.24837987,0.48563537,0.3205879,0.42374307
0.2586936,0.60942,0.5784748,0.86730695,0.8879384,0.5165805,-0.030138489,0.24837987,0.48563537,0.3205879,0.42374307,0.29995647
0.60942,0.5784748,0.86730695,0.8879384,0.5165805,-0.030138489,0.24837987,0.48563537,0.3205879,0.42374307,0.29995647,0.12459327
0.5784748,0.86730695,0.8879384,0.5165805,-0.030138489,0.24837987,0.48563537,0.3205879,0.42374307,0.29995647,0.12459327,0.21743272
0.86730695,0.8879384,0.5165805,-0.030138489,0.24837987,0.48563537,0.3205879,0.42374307,0.29995647,0.12459327,0.21743272,0.24837987
0.8879384,0.5165805,-0.030138489,0.24837987,0.48563537,0.3205879,0.42374307,0.29995647,0.12459327,0.21743272,0.24837987,0.33090362
0.5165805,-0.030138489,0.24837987,0.48563537,0.3205879,0.42374307,0.29995647,0.12459327,0.21743272,0.24837987,0.33090362,0.1452247
-0.030138489,0.24837987,0.48563537,0.3205879,0.42374307,0.29995647,0.12459327,0.21743272,0.24837987,0.33090362,0.1452247,-0.14360937
0.24837987,0.48563537,0.3205879,0.42374307,0.29995647,0.12459327,0.21743272,0.24837987,0.33090362,0.1452247,-0.14360937,-0.8347464
0.48563537,0.3205879,0.42374307,0.29995647,0.12459327,0.21743272,0.24837987,0.33090362,0.1452247,-0.14360937,-0.8347464,-0.89663875
0.3205879,0.42374307,0.29995647,0.12459327,0.21743272,0.24837987,0.33090362,0.1452247,-0.14360937,-0.8347464,-0.89663875,-0.6490675
0.42374307,0.29995647,0.12459327,0.21743272,0.24837987,0.33090362,0.1452247,-0.14360937,-0.8347464,-0.89663875,-0.6490675,-0.56654376
0.29995647,0.12459327,0.21743272,0.24837987,0.33090362,0.1452247,-0.14360937,-0.8347464,-0.89663875,-0.6490675,-0.56654376,-0.34991774
0.12459327,0.21743272,0.24837987,0.33090362,0.1452247,-0.14360937,-0.8347464,-0.89663875,-0.6490675,-0.56654376,-0.34991774,-0.48402002
0.21743272,0.24837987,0.33090362,0.1452247,-0.14360937,-0.8347464,-0.89663875,-0.6490675,-0.56654376,-0.34991774,-0.48402002,-0.36023346
0.24837987,0.33090362,0.1452247,-0.14360937,-0.8347464,-0.89663875,-0.6490675,-0.56654376,-0.34991774,-0.48402002,-0.36023346,0.40311164
0.33090362,0.1452247,-0.14360937,-0.8347464,-0.89663875,-0.6490675,-0.56654376,-0.34991774,-0.48402002,-0.36023346,0.40311164,0.9807778
0.1452247,-0.14360937,-0.8347464,-0.89663875,-0.6490675,-0.56654376,-0.34991774,-0.48402002,-0.36023346,0.40311164,0.9807778,0.83636177
-0.14360937,-0.8347464,-0.89663875,-0.6490675,-0.56654376,-0.34991774,-0.48402002,-0.36023346,0.40311164,0.9807778,0.83636177,0.5681591
-0.8347464,-0.89663875,-0.6490675,-0.56654376,-0.34991774,-0.48402002,-0.36023346,0.40311164,0.9807778,0.83636177,0.5681591,-0.06108563
-0.89663875,-0.6490675,-0.56654376,-0.34991774,-0.48402002,-0.36023346,0.40311164,0.9807778,0.83636177,0.5681591,-0.06108563,-0.13329366
-0.6490675,-0.56654376,-0.34991774,-0.48402002,-0.36023346,0.40311164,0.9807778,0.83636177,0.5681591,-0.06108563,-0.13329366,0.114277564
-0.56654376,-0.34991774,-0.48402002,-0.36023346,0.40311164,0.9807778,0.83636177,0.5681591,-0.06108563,-0.13329366,0.114277564,-0.050769914
-0.34991774,-0.48402002,-0.36023346,0.40311164,0.9807778,0.83636177,0.5681591,-0.06108563,-0.13329366,0.114277564,-0.050769914,0.114277564
-0.48402002,-0.36023346,0.40311164,0.9807778,0.83636177,0.5681591,-0.06108563,-0.13329366,0.114277564,-0.050769914,0.114277564,0.23806415
-0.36023346,0.40311164,0.9807778,0.83636177,0.5681591,-0.06108563,-0.13329366,0.114277564,-0.050769914,0.114277564,0.23806415,0.20711702
0.40311164,0.9807778,0.83636177,0.5681591,-0.06108563,-0.13329366,0.114277564,-0.050769914,0.114277564,0.23806415,0.20711702,0.09364614
0.9807778,0.83636177,0.5681591,-0.06108563,-0.13329366,0.114277564,-0.050769914,0.114277564,0.23806415,0.20711702,0.09364614,0.44437253
0.83636177,0.5681591,-0.06108563,-0.13329366,0.114277564,-0.050769914,0.114277564,0.23806415,0.20711702,0.09364614,0.44437253,0.8982541
0.5681591,-0.06108563,-0.13329366,0.114277564,-0.050769914,0.114277564,0.23806415,0.20711702,0.09364614,0.44437253,0.8982541,1.1664567
-0.06108563,-0.13329366,0.114277564,-0.050769914,0.114277564,0.23806415,0.20711702,0.09364614,0.44437253,0.8982541,1.1664567,1.0942487
-0.13329366,0.114277564,-0.050769914,0.114277564,0.23806415,0.20711702,0.09364614,0.44437253,0.8982541,1.1664567,1.0942487,0.36184877
0.114277564,-0.050769914,0.114277564,0.23806415,0.20711702,0.09364614,0.44437253,0.8982541,1.1664567,1.0942487,0.36184877,-0.411812
-0.050769914,0.114277564,0.23806415,0.20711702,0.09364614,0.44437253,0.8982541,1.1664567,1.0942487,0.36184877,-0.411812,-0.4530729
0.114277564,0.23806415,0.20711702,0.09364614,0.44437253,0.8982541,1.1664567,1.0942487,0.36184877,-0.411812,-0.4530729,-0.43244344
0.23806415,0.20711702,0.09364614,0.44437253,0.8982541,1.1664567,1.0942487,0.36184877,-0.411812,-0.4530729,-0.43244344,-0.2880254
0.20711702,0.09364614,0.44437253,0.8982541,1.1664567,1.0942487,0.36184877,-0.411812,-0.4530729,-0.43244344,-0.2880254,-0.23644882
0.09364614,0.44437253,0.8982541,1.1664567,1.0942487,0.36184877,-0.411812,-0.4530729,-0.43244344,-0.2880254,-0.23644882,-0.72127557
0.44437253,0.8982541,1.1664567,1.0942487,0.36184877,-0.411812,-0.4530729,-0.43244344,-0.2880254,-0.23644882,-0.72127557,-0.79348356
0.8982541,1.1664567,1.0942487,0.36184877,-0.411812,-0.4530729,-0.43244344,-0.2880254,-0.23644882,-0.72127557,-0.79348356,-0.24676454
1.1664567,1.0942487,0.36184877,-0.411812,-0.4530729,-0.43244344,-0.2880254,-0.23644882,-0.72127557,-0.79348356,-0.24676454,0.42374307
1.0942487,0.36184877,-0.411812,-0.4530729,-0.43244344,-0.2880254,-0.23644882,-0.72127557,-0.79348356,-0.24676454,0.42374307,0.4959511
0.36184877,-0.411812,-0.4530729,-0.43244344,-0.2880254,-0.23644882,-0.72127557,-0.79348356,-0.24676454,0.42374307,0.4959511,0.40311164
-0.411812,-0.4530729,-0.43244344,-0.2880254,-0.23644882,-0.72127557,-0.79348356,-0.24676454,0.42374307,0.4959511,0.40311164,-0.23644882
-0.4530729,-0.43244344,-0.2880254,-0.23644882,-0.72127557,-0.79348356,-0.24676454,0.42374307,0.4959511,0.40311164,-0.23644882,-0.56654376
-0.43244344,-0.2880254,-0.23644882,-0.72127557,-0.79348356,-0.24676454,0.42374307,0.4959511,0.40311164,-0.23644882,-0.56654376,-0.36023346
-0.2880254,-0.23644882,-0.72127557,-0.79348356,-0.24676454,0.42374307,0.4959511,0.40311164,-0.23644882,-0.56654376,-0.36023346,-0.47370434
-0.23644882,-0.72127557,-0.79348356,-0.24676454,0.42374307,0.4959511,0.40311164,-0.23644882,-0.56654376,-0.36023346,-0.47370434,-0.60780466
-0.72127557,-0.79348356,-0.24676454,0.42374307,0.4959511,0.40311164,-0.23644882,-0.56654376,-0.36023346,-0.47370434,-0.60780466,-0.49433574
-0.79348356,-0.24676454,0.42374307,0.4959511,0.40311164,-0.23644882,-0.56654376,-0.36023346,-0.47370434,-0.60780466,-0.49433574,-0.21581739
-0.24676454,0.42374307,0.4959511,0.40311164,-0.23644882,-0.56654376,-0.36023346,-0.47370434,-0.60780466,-0.49433574,-0.21581739,-0.29834113
0.42374307,0.4959511,0.40311164,-0.23644882,-0.56654376,-0.36023346,-0.47370434,-0.60780466,-0.49433574,-0.21581739,-0.29834113,0.5475277
0.4959511,0.40311164,-0.23644882,-0.56654376,-0.36023346,-0.47370434,-0.60780466,-0.49433574,-0.21581739,-0.29834113,0.5475277,1.1870881
0.40311164,-0.23644882,-0.56654376,-0.36023346,-0.47370434,-0.60780466,-0.49433574,-0.21581739,-0.29834113,0.5475277,1.1870881,1.558444
-0.23644882,-0.56654376,-0.36023346,-0.47370434,-0.60780466,-0.49433574,-0.21581739,-0.29834113,0.5475277,1.1870881,1.558444,1.4243437
-0.56654376,-0.36023346,-0.47370434,-0.60780466,-0.49433574,-0.21581739,-0.29834113,0.5475277,1.1870881,1.558444,1.4243437,0.8054146
-0.36023346,-0.47370434,-0.60780466,-0.49433574,-0.21581739,-0.29834113,0.5475277,1.1870881,1.558444,1.4243437,0.8054146,0.72289085
-0.47370434,-0.60780466,-0.49433574,-0.21581739,-0.29834113,0.5475277,1.1870881,1.558444,1.4243437,0.8054146,0.72289085,1.3727651
-0.60780466,-0.49433574,-0.21581739,-0.29834113,0.5475277,1.1870881,1.558444,1.4243437,0.8054146,0.72289085,1.3727651,1.888539
-0.49433574,-0.21581739,-0.29834113,0.5475277,1.1870881,1.558444,1.4243437,0.8054146,0.72289085,1.3727651,1.888539,1.7957015
-0.21581739,-0.29834113,0.5475277,1.1870881,1.558444,1.4243437,0.8054146,0.72289085,1.3727651,1.888539,1.7957015,1.9813784
-0.29834113,0.5475277,1.1870881,1.558444,1.4243437,0.8054146,0.72289085,1.3727651,1.888539,1.7957015,1.9813784,2.0742178
0.5475277,1.1870881,1.558444,1.4243437,0.8054146,0.72289085,1.3727651,1.888539,1.7957015,1.9813784,2.0742178,1.8679094
1.1870881,1.558444,1.4243437,0.8054146,0.72289085,1.3727651,1.888539,1.7957015,1.9813784,2.0742178,1.8679094,1.8369623
1.558444,1.4243437,0.8054146,0.72289085,1.3727651,1.888539,1.7957015,1.9813784,2.0742178,1.8679094,1.8369623,1.9504333
1.4243437,0.8054146,0.72289085,1.3727651,1.888539,1.7957015,1.9813784,2.0742178,1.8679094,1.8369623,1.9504333,2.0226412
0.8054146,0.72289085,1.3727651,1.888539,1.7957015,1.9813784,2.0742178,1.8679094,1.8369623,1.9504333,2.0226412,1.4346594
0.72289085,1.3727651,1.888539,1.7957015,1.9813784,2.0742178,1.8679094,1.8369623,1.9504333,2.0226412,1.4346594,0.3102722
1.3727651,1.888539,1.7957015,1.9813784,2.0742178,1.8679094,1.8369623,1.9504333,2.0226412,1.4346594,0.3102722,-0.29834113
1.888539,1.7957015,1.9813784,2.0742178,1.8679094,1.8369623,1.9504333,2.0226412,1.4346594,0.3102722,-0.29834113,-0.70064414
1.7957015,1.9813784,2.0742178,1.8679094,1.8369623,1.9504333,2.0226412,1.4346594,0.3102722,-0.29834113,-0.70064414,-1.360836
1.9813784,2.0742178,1.8679094,1.8369623,1.9504333,2.0226412,1.4346594,0.3102722,-0.29834113,-0.70064414,-1.360836,-1.5155678
2.0742178,1.8679094,1.8369623,1.9504333,2.0226412,1.4346594,0.3102722,-0.29834113,-0.70064414,-1.360836,-1.5155678,-1.3505203
1.8679094,1.8369623,1.9504333,2.0226412,1.4346594,0.3102722,-0.29834113,-0.70064414,-1.360836,-1.5155678,-1.3505203,-1.0307411
1.8369623,1.9504333,2.0226412,1.4346594,0.3102722,-0.29834113,-0.70064414,-1.360836,-1.5155678,-1.3505203,-1.0307411,-0.32928827
1.9504333,2.0226412,1.4346594,0.3102722,-0.29834113,-0.70064414,-1.360836,-1.5155678,-1.3505203,-1.0307411,-0.32928827,-0.112662226
2.0226412,1.4346594,0.3102722,-0.29834113,-0.70064414,-1.360836,-1.5155678,-1.3505203,-1.0307411,-0.32928827,-0.112662226,0.26900932
1.4346594,0.3102722,-0.29834113,-0.70064414,-1.360836,-1.5155678,-1.3505203,-1.0307411,-0.32928827,-0.112662226,0.26900932,0.33090362
0.3102722,-0.29834113,-0.70064414,-1.360836,-1.5155678,-1.3505203,-1.0307411,-0.32928827,-0.112662226,0.26900932,0.33090362,-0.050769914
-0.29834113,-0.70064414,-1.360836,-1.5155678,-1.3505203,-1.0307411,-0.32928827,-0.112662226,0.26900932,0.33090362,-0.050769914,-0.0920308
-0.70064414,-1.360836,-1.5155678,-1.3505203,-1.0307411,-0.32928827,-0.112662226,0.26900932,0.33090362,-0.050769914,-0.0920308,-0.2777097
-1.360836,-1.5155678,-1.3505203,-1.0307411,-0.32928827,-0.112662226,0.26900932,0.33090362,-0.050769914,-0.0920308,-0.2777097,-0.5149672
-1.5155678,-1.3505203,-1.0307411,-0.32928827,-0.112662226,0.26900932,0.33090362,-0.050769914,-0.0920308,-0.2777097,-0.5149672,-0.8656916
-1.3505203,-1.0307411,-0.32928827,-0.112662226,0.26900932,0.33090362,-0.050769914,-0.0920308,-0.2777097,-0.5149672,-0.8656916,-1.4020969
-1.0307411,-0.32928827,-0.112662226,0.26900932,0.33090362,-0.050769914,-0.0920308,-0.2777097,-0.5149672,-0.8656916,-1.4020969,-1.6806152
-0.32928827,-0.112662226,0.26900932,0.33090362,-0.050769914,-0.0920308,-0.2777097,-0.5149672,-0.8656916,-1.4020969,-1.6806152,-1.5465149
-0.112662226,0.26900932,0.33090362,-0.050769914,-0.0920308,-0.2777097,-0.5149672,-0.8656916,-1.4020969,-1.6806152,-1.5465149,-0.8760073
0.26900932,0.33090362,-0.050769914,-0.0920308,-0.2777097,-0.5149672,-0.8656916,-1.4020969,-1.6806152,-1.5465149,-0.8760073,-0.39118057
0.33090362,-0.050769914,-0.0920308,-0.2777097,-0.5149672,-0.8656916,-1.4020969,-1.6806152,-1.5465149,-0.8760073,-0.39118057,-0.24676454
-0.050769914,-0.0920308,-0.2777097,-0.5149672,-0.8656916,-1.4020969,-1.6806152,-1.5465149,-0.8760073,-0.39118057,-0.24676454,0.02143811
-0.0920308,-0.2777097,-0.5149672,-0.8656916,-1.4020969,-1.6806152,-1.5465149,-0.8760073,-0.39118057,-0.24676454,0.02143811,-0.07140134
-0.2777097,-0.5149672,-0.8656916,-1.4020969,-1.6806152,-1.5465149,-0.8760073,-0.39118057,-0.24676454,0.02143811,-0.07140134,-0.32928827
-0.5149672,-0.8656916,-1.4020969,-1.6806152,-1.5465149,-0.8760073,-0.39118057,-0.24676454,0.02143811,-0.07140134,-0.32928827,-0.5974909
-0.8656916,-1.4020969,-1.6806152,-1.5465149,-0.8760073,-0.39118057,-0.24676454,0.02143811,-0.07140134,-0.32928827,-0.5974909,-0.88632303
-1.4020969,-1.6806152,-1.5465149,-0.8760073,-0.39118057,-0.24676454,0.02143811,-0.07140134,-0.32928827,-0.5974909,-0.88632303,-0.66969895
-1.6806152,-1.5465149,-0.8760073,-0.39118057,-0.24676454,0.02143811,-0.07140134,-0.32928827,-0.5974909,-0.88632303,-0.66969895,-0.56654376
-1.5465149,-0.8760073,-0.39118057,-0.24676454,0.02143811,-0.07140134,-0.32928827,-0.5974909,-0.88632303,-0.66969895,-0.56654376,-0.71095985
-0.8760073,-0.39118057,-0.24676454,0.02143811,-0.07140134,-0.32928827,-0.5974909,-0.88632303,-0.66969895,-0.56654376,-0.71095985,-1.0204253
-0.39118057,-0.24676454,0.02143811,-0.07140134,-0.32928827,-0.5974909,-0.88632303,-0.66969895,-0.56654376,-0.71095985,-1.0204253,-0.85537785
-0.24676454,0.02143811,-0.07140134,-0.32928827,-0.5974909,-0.88632303,-0.66969895,-0.56654376,-0.71095985,-1.0204253,-0.85537785,-0.009507062
0.02143811,-0.07140134,-0.32928827,-0.5974909,-0.88632303,-0.66969895,-0.56654376,-0.71095985,-1.0204253,-0.85537785,-0.009507062,0.63005143
-0.07140134,-0.32928827,-0.5974909,-0.88632303,-0.66969895,-0.56654376,-0.71095985,-1.0204253,-0.85537785,-0.009507062,0.63005143,0.53721195
-0.32928827,-0.5974909,-0.88632303,-0.66969895,-0.56654376,-0.71095985,-1.0204253,-0.85537785,-0.009507062,0.63005143,0.53721195,0.5578434
-0.5974909,-0.88632303,-0.66969895,-0.56654376,-0.71095985,-1.0204253,-0.85537785,-0.009507062,0.63005143,0.53721195,0.5578434,0.3102722
-0.88632303,-0.66969895,-0.56654376,-0.71095985,-1.0204253,-0.85537785,-0.009507062,0.63005143,0.53721195,0.5578434,0.3102722,0.29995647
-0.66969895,-0.56654376,-0.71095985,-1.0204253,-0.85537785,-0.009507062,0.63005143,0.53721195,0.5578434,0.3102722,0.29995647,0.3721645
-0.56654376,-0.71095985,-1.0204253,-0.85537785,-0.009507062,0.63005143,0.53721195,0.5578434,0.3102722,0.29995647,0.3721645,0.6713143
-0.71095985,-1.0204253,-0.85537785,-0.009507062,0.63005143,0.53721195,0.5578434,0.3102722,0.29995647,0.3721645,0.6713143,0.85699123
-1.0204253,-0.85537785,-0.009507062,0.63005143,0.53721195,0.5578434,0.3102722,0.29995647,0.3721645,0.6713143,0.85699123,0.86730695
-0.85537785,-0.009507062,0.63005143,0.53721195,0.5578434,0.3102722,0.29995647,0.3721645,0.6713143,0.85699123,0.86730695,0.82604605
-0.009507062,0.63005143,0.53721195,0.5578434,0.3102722,0.29995647,0.3721645,0.6713143,0.85699123,0.86730695,0.82604605,1.0323544
0.63005143,0.53721195,0.5578434,0.3102722,0.29995647,0.3721645,0.6713143,0.85699123,0.86730695,0.82604605,1.0323544,1.4346594
0.53721195,0.5578434,0.3102722,0.29995647,0.3721645,0.6713143,0.85699123,0.86730695,0.82604605,1.0323544,1.4346594,1.558444
0.5578434,0.3102722,0.29995647,0.3721645,0.6713143,0.85699123,0.86730695,0.82604605,1.0323544,1.4346594,1.558444,1.7338072
0.3102722,0.29995647,0.3721645,0.6713143,0.85699123,0.86730695,0.82604605,1.0323544,1.4346594,1.558444,1.7338072,1.8266467
0.29995647,0.3721645,0.6713143,0.85699123,0.86730695,0.82604605,1.0323544,1.4346594,1.558444,1.7338072,1.8266467,1.7647543
0.3721645,0.6713143,0.85699123,0.86730695,0.82604605,1.0323544,1.4346594,1.558444,1.7338072,1.8266467,1.7647543,1.5893911
0.6713143,0.85699123,0.86730695,0.82604605,1.0323544,1.4346594,1.558444,1.7338072,1.8266467,1.7647543,1.5893911,1.5274988
0.85699123,0.86730695,0.82604605,1.0323544,1.4346594,1.558444,1.7338072,1.8266467,1.7647543,1.5893911,1.5274988,1.1148782
0.86730695,0.82604605,1.0323544,1.4346594,1.558444,1.7338072,1.8266467,1.7647543,1.5893911,1.5274988,1.1148782,0.91888547
0.82604605,1.0323544,1.4346594,1.558444,1.7338072,1.8266467,1.7647543,1.5893911,1.5274988,1.1148782,0.91888547,0.68163
1.0323544,1.4346594,1.558444,1.7338072,1.8266467,1.7647543,1.5893911,1.5274988,1.1148782,0.91888547,0.68163,0.58879054
1.4346594,1.558444,1.7338072,1.8266467,1.7647543,1.5893911,1.5274988,1.1148782,0.91888547,0.68163,0.58879054,0.15554042
1.558444,1.7338072,1.8266467,1.7647543,1.5893911,1.5274988,1.1148782,0.91888547,0.68163,0.58879054,0.15554042,0.5165805
1.7338072,1.8266467,1.7647543,1.5893911,1.5274988,1.1148782,0.91888547,0.68163,0.58879054,0.15554042,0.5165805,0.5165805
1.8266467,1.7647543,1.5893911,1.5274988,1.1148782,0.91888547,0.68163,0.58879054,0.15554042,0.5165805,0.5165805,-0.20550168
1.7647543,1.5893911,1.5274988,1.1148782,0.91888547,0.68163,0.58879054,0.15554042,0.5165805,0.5165805,-0.20550168,-0.9172702
1.5893911,1.5274988,1.1148782,0.91888547,0.68163,0.58879054,0.15554042,0.5165805,0.5165805,-0.20550168,-0.9172702,-1.360836
1.5274988,1.1148782,0.91888547,0.68163,0.58879054,0.15554042,0.5165805,0.5165805,-0.20550168,-0.9172702,-1.360836,-1.2576809
1.1148782,0.91888547,0.68163,0.58879054,0.15554042,0.5165805,0.5165805,-0.20550168,-0.9172702,-1.360836,-1.2576809,-1.1957885
0.91888547,0.68163,0.58879054,0.15554042,0.5165805,0.5165805,-0.20550168,-0.9172702,-1.360836,-1.2576809,-1.1957885,-2.124181
0.68163,0.58879054,0.15554042,0.5165805,0.5165805,-0.20550168,-0.9172702,-1.360836,-1.2576809,-1.1957885,-2.124181,-2.2995443
0.58879054,0.15554042,0.5165805,0.5165805,-0.20550168,-0.9172702,-1.360836,-1.2576809,-1.1957885,-2.124181,-2.2995443,-2.3201756
0.15554042,0.5165805,0.5165805,-0.20550168,-0.9172702,-1.360836,-1.2576809,-1.1957885,-2.124181,-2.2995443,-2.3201756,-2.3717523
0.5165805,0.5165805,-0.20550168,-0.9172702,-1.360836,-1.2576809,-1.1957885,-2.124181,-2.2995443,-2.3201756,-2.3717523,-1.6496681
0.5165805,-0.20550168,-0.9172702,-1.360836,-1.2576809,-1.1957885,-2.124181,-2.2995443,-2.3201756,-2.3717523,-1.6496681,-0.8244307
-0.20550168,-0.9172702,-1.360836,-1.2576809,-1.1957885,-2.124181,-2.2995443,-2.3201756,-2.3717523,-1.6496681,-0.8244307,-0.14360937
-0.9172702,-1.360836,-1.2576809,-1.1957885,-2.124181,-2.2995443,-2.3201756,-2.3717523,-1.6496681,-0.8244307,-0.14360937,0.18648559
-1.360836,-1.2576809,-1.1957885,-2.124181,-2.2995443,-2.3201756,-2.3717523,-1.6496681,-0.8244307,-0.14360937,0.18648559,0.26900932
-1.2576809,-1.1957885,-2.124181,-2.2995443,-2.3201756,-2.3717523,-1.6496681,-0.8244307,-0.14360937,0.18648559,0.26900932,-0.16424079
-1.1957885,-2.124181,-2.2995443,-2.3201756,-2.3717523,-1.6496681,-0.8244307,-0.14360937,0.18648559,0.26900932,-0.16424079,-0.56654376
-2.124181,-2.2995443,-2.3201756,-2.3717523,-1.6496681,-0.8244307,-0.14360937,0.18648559,0.26900932,-0.16424079,-0.56654376,-0.47370434
-2.2995443,-2.3201756,-2.3717523,-1.6496681,-0.8244307,-0.14360937,0.18648559,0.26900932,-0.16424079,-0.56654376,-0.47370434,-0.5768595
-2.3201756,-2.3717523,-1.6496681,-0.8244307,-0.14360937,0.18648559,0.26900932,-0.16424079,-0.56654376,-0.47370434,-0.5768595,-0.6490675
-2.3717523,-1.6496681,-0.8244307,-0.14360937,0.18648559,0.26900932,-0.16424079,-0.56654376,-0.47370434,-0.5768595,-0.6490675,-0.43244344
-1.6496681,-0.8244307,-0.14360937,0.18648559,0.26900932,-0.16424079,-0.56654376,-0.47370434,-0.5768595,-0.6490675,-0.43244344,-0.32928827
-0.8244307,-0.14360937,0.18648559,0.26900932,-0.16424079,-0.56654376,-0.47370434,-0.5768595,-0.6490675,-0.43244344,-0.32928827,0.08333042
-0.14360937,0.18648559,0.26900932,-0.16424079,-0.56654376,-0.47370434,-0.5768595,-0.6490675,-0.43244344,-0.32928827,0.08333042,0.46500394
0.18648559,0.26900932,-0.16424079,-0.56654376,-0.47370434,-0.5768595,-0.6490675,-0.43244344,-0.32928827,0.08333042,0.46500394,1.0529858
0.26900932,-0.16424079,-0.56654376,-0.47370434,-0.5768595,-0.6490675,-0.43244344,-0.32928827,0.08333042,0.46500394,1.0529858,1.1767725
-0.16424079,-0.56654376,-0.47370434,-0.5768595,-0.6490675,-0.43244344,-0.32928827,0.08333042,0.46500394,1.0529858,1.1767725,0.7847832
-0.56654376,-0.47370434,-0.5768595,-0.6490675,-0.43244344,-0.32928827,0.08333042,0.46500394,1.0529858,1.1767725,0.7847832,0.5165805
-0.47370434,-0.5768595,-0.6490675,-0.43244344,-0.32928827,0.08333042,0.46500394,1.0529858,1.1767725,0.7847832,0.5165805,0.1968013
-0.5768595,-0.6490675,-0.43244344,-0.32928827,0.08333042,0.46500394,1.0529858,1.1767725,0.7847832,0.5165805,0.1968013,0.062700965
-0.6490675,-0.43244344,-0.32928827,0.08333042,0.46500394,1.0529858,1.1767725,0.7847832,0.5165805,0.1968013,0.062700965,0.052385252
-0.43244344,-0.32928827,0.08333042,0.46500394,1.0529858,1.1767725,0.7847832,0.5165805,0.1968013,0.062700965,0.052385252,-0.07140134
-0.32928827,0.08333042,0.46500394,1.0529858,1.1767725,0.7847832,0.5165805,0.1968013,0.062700965,0.052385252,-0.07140134,0.07301668
0.08333042,0.46500394,1.0529858,1.1767725,0.7847832,0.5165805,0.1968013,0.062700965,0.052385252,-0.07140134,0.07301668,0.15554042
0.46500394,1.0529858,1.1767725,0.7847832,0.5165805,0.1968013,0.062700965,0.052385252,-0.07140134,0.07301668,0.15554042,0.1968013
1.0529858,1.1767725,0.7847832,0.5165805,0.1968013,0.062700965,0.052385252,-0.07140134,0.07301668,0.15554042,0.1968013,0.45468822
1.1767725,0.7847832,0.5165805,0.1968013,0.062700965,0.052385252,-0.07140134,0.07301668,0.15554042,0.1968013,0.45468822,1.1664567
0.7847832,0.5165805,0.1968013,0.062700965,0.052385252,-0.07140134,0.07301668,0.15554042,0.1968013,0.45468822,1.1664567,1.3624513
0.5165805,0.1968013,0.062700965,0.052385252,-0.07140134,0.07301668,0.15554042,0.1968013,0.45468822,1.1664567,1.3624513,1.4140279
0.1968013,0.062700965,0.052385252,-0.07140134,0.07301668,0.15554042,0.1968013,0.45468822,1.1664567,1.3624513,1.4140279,1.2077177
0.062700965,0.052385252,-0.07140134,0.07301668,0.15554042,0.1968013,0.45468822,1.1664567,1.3624513,1.4140279,1.2077177,0.6713143
0.052385252,-0.07140134,0.07301668,0.15554042,0.1968013,0.45468822,1.1664567,1.3624513,1.4140279,1.2077177,0.6713143,0.26900932
-0.07140134,0.07301668,0.15554042,0.1968013,0.45468822,1.1664567,1.3624513,1.4140279,1.2077177,0.6713143,0.26900932,0.72289085
0.07301668,0.15554042,0.1968013,0.45468822,1.1664567,1.3624513,1.4140279,1.2077177,0.6713143,0.26900932,0.72289085,1.0529858
0.15554042,0.1968013,0.45468822,1.1664567,1.3624513,1.4140279,1.2077177,0.6713143,0.26900932,0.72289085,1.0529858,1.4552908
0.1968013,0.45468822,1.1664567,1.3624513,1.4140279,1.2077177,0.6713143,0.26900932,0.72289085,1.0529858,1.4552908,1.5481282
0.45468822,1.1664567,1.3624513,1.4140279,1.2077177,0.6713143,0.26900932,0.72289085,1.0529858,1.4552908,1.5481282,1.702862
1.1664567,1.3624513,1.4140279,1.2077177,0.6713143,0.26900932,0.72289085,1.0529858,1.4552908,1.5481282,1.702862,1.8369623
1.3624513,1.4140279,1.2077177,0.6713143,0.26900932,0.72289085,1.0529858,1.4552908,1.5481282,1.702862,1.8369623,2.2083201
1.4140279,1.2077177,0.6713143,0.26900932,0.72289085,1.0529858,1.4552908,1.5481282,1.702862,1.8369623,2.2083201,2.1670573
1.2077177,0.6713143,0.26900932,0.72289085,1.0529858,1.4552908,1.5481282,1.702862,1.8369623,2.2083201,2.1670573,1.4656045
0.6713143,0.26900932,0.72289085,1.0529858,1.4552908,1.5481282,1.702862,1.8369623,2.2083201,2.1670573,1.4656045,0.65068287
0.26900932,0.72289085,1.0529858,1.4552908,1.5481282,1.702862,1.8369623,2.2083201,2.1670573,1.4656045,0.65068287,0.031753823
0.72289085,1.0529858,1.4552908,1.5481282,1.702862,1.8369623,2.2083201,2.1670573,1.4656045,0.65068287,0.031753823,-0.23644882
1.0529858,1.4552908,1.5481282,1.702862,1.8369623,2.2083201,2.1670573,1.4656045,0.65068287,0.031753823,-0.23644882,-0.47370434
1.4552908,1.5481282,1.702862,1.8369623,2.2083201,2.1670573,1.4656045,0.65068287,0.031753823,-0.23644882,-0.47370434,-0.47370434
1.5481282,1.702862,1.8369623,2.2083201,2.1670573,1.4656045,0.65068287,0.031753823,-0.23644882,-0.47370434,-0.47370434,-0.4530729
1.702862,1.8369623,2.2083201,2.1670573,1.4656045,0.65068287,0.031753823,-0.23644882,-0.47370434,-0.47370434,-0.4530729,-0.19518597
1.8369623,2.2083201,2.1670573,1.4656045,0.65068287,0.031753823,-0.23644882,-0.47370434,-0.47370434,-0.4530729,-0.19518597,0.28964075
2.2083201,2.1670573,1.4656045,0.65068287,0.031753823,-0.23644882,-0.47370434,-0.47370434,-0.4530729,-0.19518597,0.28964075,0.81573033
2.1670573,1.4656045,0.65068287,0.031753823,-0.23644882,-0.47370434,-0.47370434,-0.4530729,-0.19518597,0.28964075,0.81573033,1.5790755
1.4656045,0.65068287,0.031753823,-0.23644882,-0.47370434,-0.47370434,-0.4530729,-0.19518597,0.28964075,0.81573033,1.5790755,1.888539
0.65068287,0.031753823,-0.23644882,-0.47370434,-0.47370434,-0.4530729,-0.19518597,0.28964075,0.81573033,1.5790755,1.888539,1.2386647
0.031753823,-0.23644882,-0.47370434,-0.47370434,-0.4530729,-0.19518597,0.28964075,0.81573033,1.5790755,1.888539,1.2386647,0.6609986
-0.23644882,-0.47370434,-0.47370434,-0.4530729,-0.19518597,0.28964075,0.81573033,1.5790755,1.888539,1.2386647,0.6609986,0.114277564
-0.47370434,-0.47370434,-0.4530729,-0.19518597,0.28964075,0.81573033,1.5790755,1.888539,1.2386647,0.6609986,0.114277564,0.1968013
-0.47370434,-0.4530729,-0.19518597,0.28964075,0.81573033,1.5790755,1.888539,1.2386647,0.6609986,0.114277564,0.1968013,-0.112662226
-0.4530729,-0.19518597,0.28964075,0.81573033,1.5790755,1.888539,1.2386647,0.6609986,0.114277564,0.1968013,-0.112662226,-0.17455651
-0.19518597,0.28964075,0.81573033,1.5790755,1.888539,1.2386647,0.6609986,0.114277564,0.1968013,-0.112662226,-0.17455651,-0.12297794
0.28964075,0.81573033,1.5790755,1.888539,1.2386647,0.6609986,0.114277564,0.1968013,-0.112662226,-0.17455651,-0.12297794,-0.24676454
0.81573033,1.5790755,1.888539,1.2386647,0.6609986,0.114277564,0.1968013,-0.112662226,-0.17455651,-0.12297794,-0.24676454,-0.07140134
1.5790755,1.888539,1.2386647,0.6609986,0.114277564,0.1968013,-0.112662226,-0.17455651,-0.12297794,-0.24676454,-0.07140134,0.52689624
1.888539,1.2386647,0.6609986,0.114277564,0.1968013,-0.112662226,-0.17455651,-0.12297794,-0.24676454,-0.07140134,0.52689624,1.2386647
1.2386647,0.6609986,0.114277564,0.1968013,-0.112662226,-0.17455651,-0.12297794,-0.24676454,-0.07140134,0.52689624,1.2386647,1.4037123
0.6609986,0.114277564,0.1968013,-0.112662226,-0.17455651,-0.12297794,-0.24676454,-0.07140134,0.52689624,1.2386647,1.4037123,1.1974039
0.114277564,0.1968013,-0.112662226,-0.17455651,-0.12297794,-0.24676454,-0.07140134,0.52689624,1.2386647,1.4037123,1.1974039,0.68163
0.1968013,-0.112662226,-0.17455651,-0.12297794,-0.24676454,-0.07140134,0.52689624,1.2386647,1.4037123,1.1974039,0.68163,0.5165805
-0.112662226,-0.17455651,-0.12297794,-0.24676454,-0.07140134,0.52689624,1.2386647,1.4037123,1.1974039,0.68163,0.5165805,0.33090362
-0.17455651,-0.12297794,-0.24676454,-0.07140134,0.52689624,1.2386647,1.4037123,1.1974039,0.68163,0.5165805,0.33090362,0.60942
-0.12297794,-0.24676454,-0.07140134,0.52689624,1.2386647,1.4037123,1.1974039,0.68163,0.5165805,0.33090362,0.60942,0.96014637
-0.24676454,-0.07140134,0.52689624,1.2386647,1.4037123,1.1974039,0.68163,0.5165805,0.33090362,0.60942,0.96014637,1.0014093
-0.07140134,0.52689624,1.2386647,1.4037123,1.1974039,0.68163,0.5165805,0.33090362,0.60942,0.96014637,1.0014093,0.71257514
0.52689624,1.2386647,1.4037123,1.1974039,0.68163,0.5165805,0.33090362,0.60942,0.96014637,1.0014093,0.71257514,0.63005143
1.2386647,1.4037123,1.1974039,0.68163,0.5165805,0.33090362,0.60942,0.96014637,1.0014093,0.71257514,0.63005143,0.8982541
1.4037123,1.1974039,0.68163,0.5165805,0.33090362,0.60942,0.96014637,1.0014093,0.71257514,0.63005143,0.8982541,1.2592962
1.1974039,0.68163,0.5165805,0.33090362,0.60942,0.96014637,1.0014093,0.71257514,0.63005143,0.8982541,1.2592962,0.9704621
0.68163,0.5165805,0.33090362,0.60942,0.96014637,1.0014093,0.71257514,0.63005143,0.8982541,1.2592962,0.9704621,0.73320657
0.5165805,0.33090362,0.60942,0.96014637,1.0014093,0.71257514,0.63005143,0.8982541,1.2592962,0.9704621,0.73320657,0.20711702
0.33090362,0.60942,0.96014637,1.0014093,0.71257514,0.63005143,0.8982541,1.2592962,0.9704621,0.73320657,0.20711702,-0.66969895
0.60942,0.96014637,1.0014093,0.71257514,0.63005143,0.8982541,1.2592962,0.9704621,0.73320657,0.20711702,-0.66969895,-1.0307411
0.96014637,1.0014093,0.71257514,0.63005143,0.8982541,1.2592962,0.9704621,0.73320657,0.20711702,-0.66969895,-1.0307411,-1.0720019
1.0014093,0.71257514,0.63005143,0.8982541,1.2592962,0.9704621,0.73320657,0.20711702,-0.66969895,-1.0307411,-1.0720019,-1.3195732
0.71257514,0.63005143,0.8982541,1.2592962,0.9704621,0.73320657,0.20711702,-0.66969895,-1.0307411,-1.0720019,-1.3195732,-1.2679965
0.63005143,0.8982541,1.2592962,0.9704621,0.73320657,0.20711702,-0.66969895,-1.0307411,-1.0720019,-1.3195732,-1.2679965,-1.2267337
0.8982541,1.2592962,0.9704621,0.73320657,0.20711702,-0.66969895,-1.0307411,-1.0720019,-1.3195732,-1.2679965,-1.2267337,-1.0204253
1.2592962,0.9704621,0.73320657,0.20711702,-0.66969895,-1.0307411,-1.0720019,-1.3195732,-1.2679965,-1.2267337,-1.0204253,-0.21581739
0.9704621,0.73320657,0.20711702,-0.66969895,-1.0307411,-1.0720019,-1.3195732,-1.2679965,-1.2267337,-1.0204253,-0.21581739,0.48563537
0.73320657,0.20711702,-0.66969895,-1.0307411,-1.0720019,-1.3195732,-1.2679965,-1.2267337,-1.0204253,-0.21581739,0.48563537,0.69194376
0.20711702,-0.66969895,-1.0307411,-1.0720019,-1.3195732,-1.2679965,-1.2267337,-1.0204253,-0.21581739,0.48563537,0.69194376,0.42374307
-0.66969895,-1.0307411,-1.0720019,-1.3195732,-1.2679965,-1.2267337,-1.0204253,-0.21581739,0.48563537,0.69194376,0.42374307,-0.030138489
-1.0307411,-1.0720019,-1.3195732,-1.2679965,-1.2267337,-1.0204253,-0.21581739,0.48563537,0.69194376,0.42374307,-0.030138489,-0.24676454
-1.0720019,-1.3195732,-1.2679965,-1.2267337,-1.0204253,-0.21581739,0.48563537,0.69194376,0.42374307,-0.030138489,-0.24676454,-0.6284361
-1.3195732,-1.2679965,-1.2267337,-1.0204253,-0.21581739,0.48563537,0.69194376,0.42374307,-0.030138489,-0.24676454,-0.6284361,-0.6284361
-1.2679965,-1.2267337,-1.0204253,-0.21581739,0.48563537,0.69194376,0.42374307,-0.030138489,-0.24676454,-0.6284361,-0.6284361,-0.60780466
-1.2267337,-1.0204253,-0.21581739,0.48563537,0.69194376,0.42374307,-0.030138489,-0.24676454,-0.6284361,-0.6284361,-0.60780466,-0.958531
-1.0204253,-0.21581739,0.48563537,0.69194376,0.42374307,-0.030138489,-0.24676454,-0.6284361,-0.6284361,-0.60780466,-0.958531,-0.89663875
-0.21581739,0.48563537,0.69194376,0.42374307,-0.030138489,-0.24676454,-0.6284361,-0.6284361,-0.60780466,-0.958531,-0.89663875,-0.5149672
0.48563537,0.69194376,0.42374307,-0.030138489,-0.24676454,-0.6284361,-0.6284361,-0.60780466,-0.958531,-0.89663875,-0.5149672,0.16585612
0.69194376,0.42374307,-0.030138489,-0.24676454,-0.6284361,-0.6284361,-0.60780466,-0.958531,-0.89663875,-0.5149672,0.16585612,1.1355096
0.42374307,-0.030138489,-0.24676454,-0.6284361,-0.6284361,-0.60780466,-0.958531,-0.89663875,-0.5149672,0.16585612,1.1355096,1.7544386
-0.030138489,-0.24676454,-0.6284361,-0.6284361,-0.60780466,-0.958531,-0.89663875,-0.5149672,0.16585612,1.1355096,1.7544386,2.0020099
-0.24676454,-0.6284361,-0.6284361,-0.60780466,-0.958531,-0.89663875,-0.5149672,0.16585612,1.1355096,1.7544386,2.0020099,2.0432727
-0.6284361,-0.6284361,-0.60780466,-0.958531,-0.89663875,-0.5149672,0.16585612,1.1355096,1.7544386,2.0020099,2.0432727,1.9298018
-0.6284361,-0.60780466,-0.958531,-0.89663875,-0.5149672,0.16585612,1.1355096,1.7544386,2.0020099,2.0432727,1.9298018,2.032957
-0.60780466,-0.958531,-0.89663875,-0.5149672,0.16585612,1.1355096,1.7544386,2.0020099,2.0432727,1.9298018,2.032957,2.2702124
-0.958531,-0.89663875,-0.5149672,0.16585612,1.1355096,1.7544386,2.0020099,2.0432727,1.9298018,2.032957,2.2702124,2.3114753
-0.89663875,-0.5149672,0.16585612,1.1355096,1.7544386,2.0020099,2.0432727,1.9298018,2.032957,2.2702124,2.3114753,2.0742178
-0.5149672,0.16585612,1.1355096,1.7544386,2.0020099,2.0432727,1.9298018,2.032957,2.2702124,2.3114753,2.0742178,2.1154807
0.16585612,1.1355096,1.7544386,2.0020099,2.0432727,1.9298018,2.032957,2.2702124,2.3114753,2.0742178,2.1154807,1.9607489
1.1355096,1.7544386,2.0020099,2.0432727,1.9298018,2.032957,2.2702124,2.3114753,2.0742178,2.1154807,1.9607489,1.7957015
1.7544386,2.0020099,2.0432727,1.9298018,2.032957,2.2702124,2.3114753,2.0742178,2.1154807,1.9607489,1.7957015,1.7750701
2.0020099,2.0432727,1.9298018,2.032957,2.2702124,2.3114753,2.0742178,2.1154807,1.9607489,1.7957015,1.7750701,1.6822306
2.0432727,1.9298018,2.032957,2.2702124,2.3114753,2.0742178,2.1154807,1.9607489,1.7957015,1.7750701,1.6822306,0.47531965
1.9298018,2.032957,2.2702124,2.3114753,2.0742178,2.1154807,1.9607489,1.7957015,1.7750701,1.6822306,0.47531965,-0.5974909
2.032957,2.2702124,2.3114753,2.0742178,2.1154807,1.9607489,1.7957015,1.7750701,1.6822306,0.47531965,-0.5974909,-1.3505203
2.2702124,2.3114753,2.0742178,2.1154807,1.9607489,1.7957015,1.7750701,1.6822306,0.47531965,-0.5974909,-1.3505203,-1.4639912
2.3114753,2.0742178,2.1154807,1.9607489,1.7957015,1.7750701,1.6822306,0.47531965,-0.5974909,-1.3505203,-1.4639912,-1.6806152
2.0742178,2.1154807,1.9607489,1.7957015,1.7750701,1.6822306,0.47531965,-0.5974909,-1.3505203,-1.4639912,-1.6806152,-1.690931
2.1154807,1.9607489,1.7957015,1.7750701,1.6822306,0.47531965,-0.5974909,-1.3505203,-1.4639912,-1.6806152,-1.690931,-2.0313416
1.9607489,1.7957015,1.7750701,1.6822306,0.47531965,-0.5974909,-1.3505203,-1.4639912,-1.6806152,-1.690931,-2.0313416,-2.0829182
1.7957015,1.7750701,1.6822306,0.47531965,-0.5974909,-1.3505203,-1.4639912,-1.6806152,-1.690931,-2.0313416,-2.0829182,-1.4949363
1.7750701,1.6822306,0.47531965,-0.5974909,-1.3505203,-1.4639912,-1.6806152,-1.690931,-2.0313416,-2.0829182,-1.4949363,-0.56654376
1.6822306,0.47531965,-0.5974909,-1.3505203,-1.4639912,-1.6806152,-1.690931,-2.0313416,-2.0829182,-1.4949363,-0.56654376,-0.18487026
0.47531965,-0.5974909,-1.3505203,-1.4639912,-1.6806152,-1.690931,-2.0313416,-2.0829182,-1.4949363,-0.56654376,-0.18487026,-0.0920308
-0.5974909,-1.3505203,-1.4639912,-1.6806152,-1.690931,-2.0313416,-2.0829182,-1.4949363,-0.56654376,-0.18487026,-0.0920308,-0.36023346
-1.3505203,-1.4639912,-1.6806152,-1.690931,-2.0313416,-2.0829182,-1.4949363,-0.56654376,-0.18487026,-0.0920308,-0.36023346,-0.7728541
-1.4639912,-1.6806152,-1.690931,-2.0313416,-2.0829182,-1.4949363,-0.56654376,-0.18487026,-0.0920308,-0.36023346,-0.7728541,-1.288628
-1.6806152,-1.690931,-2.0313416,-2.0829182,-1.4949363,-0.56654376,-0.18487026,-0.0920308,-0.36023346,-0.7728541,-1.288628,-1.288628
-1.690931,-2.0313416,-2.0829182,-1.4949363,-0.56654376,-0.18487026,-0.0920308,-0.36023346,-0.7728541,-1.288628,-1.288628,-1.4433597
-2.0313416,-2.0829182,-1.4949363,-0.56654376,-0.18487026,-0.0920308,-0.36023346,-0.7728541,-1.288628,-1.288628,-1.4433597,-1.8147156
-2.0829182,-1.4949363,-0.56654376,-0.18487026,-0.0920308,-0.36023346,-0.7728541,-1.288628,-1.288628,-1.4433597,-1.8147156,-2.0829182
-1.4949363,-0.56654376,-0.18487026,-0.0920308,-0.36023346,-0.7728541,-1.288628,-1.288628,-1.4433597,-1.8147156,-2.0829182,-2.165442
-0.56654376,-0.18487026,-0.0920308,-0.36023346,-0.7728541,-1.288628,-1.288628,-1.4433597,-1.8147156,-2.0829182,-2.165442,-1.721878
-0.18487026,-0.0920308,-0.36023346,-0.7728541,-1.288628,-1.288628,-1.4433597,-1.8147156,-2.0829182,-2.165442,-1.721878,-0.5974909
-0.0920308,-0.36023346,-0.7728541,-1.288628,-1.288628,-1.4433597,-1.8147156,-2.0829182,-2.165442,-1.721878,-0.5974909,0.07301668
-0.36023346,-0.7728541,-1.288628,-1.288628,-1.4433597,-1.8147156,-2.0829182,-2.165442,-1.721878,-0.5974909,0.07301668,0.1968013
-0.7728541,-1.288628,-1.288628,-1.4433597,-1.8147156,-2.0829182,-2.165442,-1.721878,-0.5974909,0.07301668,0.1968013,0.062700965
-1.288628,-1.288628,-1.4433597,-1.8147156,-2.0829182,-2.165442,-1.721878,-0.5974909,0.07301668,0.1968013,0.062700965,-0.25708026
-1.288628,-1.4433597,-1.8147156,-2.0829182,-2.165442,-1.721878,-0.5974909,0.07301668,0.1968013,0.062700965,-0.25708026,-0.52528095
-1.4433597,-1.8147156,-2.0829182,-2.165442,-1.721878,-0.5974909,0.07301668,0.1968013,0.062700965,-0.25708026,-0.52528095,-0.70064414
-1.8147156,-2.0829182,-2.165442,-1.721878,-0.5974909,0.07301668,0.1968013,0.062700965,-0.25708026,-0.52528095,-0.70064414,-0.88632303
-2.0829182,-2.165442,-1.721878,-0.5974909,0.07301668,0.1968013,0.062700965,-0.25708026,-0.52528095,-0.70064414,-0.88632303,-0.9894782
-2.165442,-1.721878,-0.5974909,0.07301668,0.1968013,0.062700965,-0.25708026,-0.52528095,-0.70064414,-0.88632303,-0.9894782,-1.2370495
-1.721878,-0.5974909,0.07301668,0.1968013,0.062700965,-0.25708026,-0.52528095,-0.70064414,-0.88632303,-0.9894782,-1.2370495,-1.102949
-0.5974909,0.07301668,0.1968013,0.062700965,-0.25708026,-0.52528095,-0.70064414,-0.88632303,-0.9894782,-1.2370495,-1.102949,-0.78316784
0.07301668,0.1968013,0.062700965,-0.25708026,-0.52528095,-0.70064414,-0.88632303,-0.9894782,-1.2370495,-1.102949,-0.78316784,-0.08171706
0.1968013,0.062700965,-0.25708026,-0.52528095,-0.70064414,-0.88632303,-0.9894782,-1.2370495,-1.102949,-0.78316784,-0.08171706,0.46500394
0.062700965,-0.25708026,-0.52528095,-0.70064414,-0.88632303,-0.9894782,-1.2370495,-1.102949,-0.78316784,-0.08171706,0.46500394,0.7435223
-0.25708026,-0.52528095,-0.70064414,-0.88632303,-0.9894782,-1.2370495,-1.102949,-0.78316784,-0.08171706,0.46500394,0.7435223,0.68163
-0.52528095,-0.70064414,-0.88632303,-0.9894782,-1.2370495,-1.102949,-0.78316784,-0.08171706,0.46500394,0.7435223,0.68163,0.3824802
-0.70064414,-0.88632303,-0.9894782,-1.2370495,-1.102949,-0.78316784,-0.08171706,0.46500394,0.7435223,0.68163,0.3824802,-0.08171706
-0.88632303,-0.9894782,-1.2370495,-1.102949,-0.78316784,-0.08171706,0.46500394,0.7435223,0.68163,0.3824802,-0.08171706,-0.37054917
-0.9894782,-1.2370495,-1.102949,-0.78316784,-0.08171706,0.46500394,0.7435223,0.68163,0.3824802,-0.08171706,-0.37054917,-0.31897256
-1.2370495,-1.102949,-0.78316784,-0.08171706,0.46500394,0.7435223,0.68163,0.3824802,-0.08171706,-0.37054917,-0.31897256,-0.56654376
-1.102949,-0.78316784,-0.08171706,0.46500394,0.7435223,0.68163,0.3824802,-0.08171706,-0.37054917,-0.31897256,-0.56654376,-0.71095985
-0.78316784,-0.08171706,0.46500394,0.7435223,0.68163,0.3824802,-0.08171706,-0.37054917,-0.31897256,-0.56654376,-0.71095985,-0.5046515
-0.08171706,0.46500394,0.7435223,0.68163,0.3824802,-0.08171706,-0.37054917,-0.31897256,-0.56654376,-0.71095985,-0.5046515,-0.17455651
0.46500394,0.7435223,0.68163,0.3824802,-0.08171706,-0.37054917,-0.31897256,-0.56654376,-0.71095985,-0.5046515,-0.17455651,0.42374307
0.7435223,0.68163,0.3824802,-0.08171706,-0.37054917,-0.31897256,-0.56654376,-0.71095985,-0.5046515,-0.17455651,0.42374307,0.9910935
0.68163,0.3824802,-0.08171706,-0.37054917,-0.31897256,-0.56654376,-0.71095985,-0.5046515,-0.17455651,0.42374307,0.9910935,1.4037123
0.3824802,-0.08171706,-0.37054917,-0.31897256,-0.56654376,-0.71095985,-0.5046515,-0.17455651,0.42374307,0.9910935,1.4037123,1.6100225
-0.08171706,-0.37054917,-0.31897256,-0.56654376,-0.71095985,-0.5046515,-0.17455651,0.42374307,0.9910935,1.4037123,1.6100225,1.1870881
-0.37054917,-0.31897256,-0.56654376,-0.71095985,-0.5046515,-0.17455651,0.42374307,0.9910935,1.4037123,1.6100225,1.1870881,0.86730695
-0.31897256,-0.56654376,-0.71095985,-0.5046515,-0.17455651,0.42374307,0.9910935,1.4037123,1.6100225,1.1870881,0.86730695,0.96014637
-0.56654376,-0.71095985,-0.5046515,-0.17455651,0.42374307,0.9910935,1.4037123,1.6100225,1.1870881,0.86730695,0.96014637,1.1148782
-0.71095985,-0.5046515,-0.17455651,0.42374307,0.9910935,1.4037123,1.6100225,1.1870881,0.86730695,0.96014637,1.1148782,1.3315042
-0.5046515,-0.17455651,0.42374307,0.9910935,1.4037123,1.6100225,1.1870881,0.86730695,0.96014637,1.1148782,1.3315042,1.1251938
-0.17455651,0.42374307,0.9910935,1.4037123,1.6100225,1.1870881,0.86730695,0.96014637,1.1148782,1.3315042,1.1251938,0.27932504
0.42374307,0.9910935,1.4037123,1.6100225,1.1870881,0.86730695,0.96014637,1.1148782,1.3315042,1.1251938,0.27932504,0.52689624
0.9910935,1.4037123,1.6100225,1.1870881,0.86730695,0.96014637,1.1148782,1.3315042,1.1251938,0.27932504,0.52689624,0.7950989
1.4037123,1.6100225,1.1870881,0.86730695,0.96014637,1.1148782,1.3315042,1.1251938,0.27932504,0.52689624,0.7950989,0.82604605
1.6100225,1.1870881,0.86730695,0.96014637,1.1148782,1.3315042,1.1251938,0.27932504,0.52689624,0.7950989,0.82604605,0.45468822
1.1870881,0.86730695,0.96014637,1.1148782,1.3315042,1.1251938,0.27932504,0.52689624,0.7950989,0.82604605,0.45468822,0.5784748
0.86730695,0.96014637,1.1148782,1.3315042,1.1251938,0.27932504,0.52689624,0.7950989,0.82604605,0.45468822,0.5784748,0.64036715
0.96014637,1.1148782,1.3315042,1.1251938,0.27932504,0.52689624,0.7950989,0.82604605,0.45468822,0.5784748,0.64036715,0.23806415
1.1148782,1.3315042,1.1251938,0.27932504,0.52689624,0.7950989,0.82604605,0.45468822,0.5784748,0.64036715,0.23806415,0.114277564
1.3315042,1.1251938,0.27932504,0.52689624,0.7950989,0.82604605,0.45468822,0.5784748,0.64036715,0.23806415,0.114277564,0.26900932
1.1251938,0.27932504,0.52689624,0.7950989,0.82604605,0.45468822,0.5784748,0.64036715,0.23806415,0.114277564,0.26900932,0.16585612
0.27932504,0.52689624,0.7950989,0.82604605,0.45468822,0.5784748,0.64036715,0.23806415,0.114277564,0.26900932,0.16585612,0.15554042
0.52689624,0.7950989,0.82604605,0.45468822,0.5784748,0.64036715,0.23806415,0.114277564,0.26900932,0.16585612,0.15554042,-0.07140134
0.7950989,0.82604605,0.45468822,0.5784748,0.64036715,0.23806415,0.114277564,0.26900932,0.16585612,0.15554042,-0.07140134,0.10396185
0.82604605,0.45468822,0.5784748,0.64036715,0.23806415,0.114277564,0.26900932,0.16585612,0.15554042,-0.07140134,0.10396185,0.53721195
0.45468822,0.5784748,0.64036715,0.23806415,0.114277564,0.26900932,0.16585612,0.15554042,-0.07140134,0.10396185,0.53721195,1.0426701
0.5784748,0.64036715,0.23806415,0.114277564,0.26900932,0.16585612,0.15554042,-0.07140134,0.10396185,0.53721195,1.0426701,1.156141
0.64036715,0.23806415,0.114277564,0.26900932,0.16585612,0.15554042,-0.07140134,0.10396185,0.53721195,1.0426701,1.156141,1.011725
0.23806415,0.114277564,0.26900932,0.16585612,0.15554042,-0.07140134,0.10396185,0.53721195,1.0426701,1.156141,1.011725,0.9292012
0.114277564,0.26900932,0.16585612,0.15554042,-0.07140134,0.10396185,0.53721195,1.0426701,1.156141,1.011725,0.9292012,0.7641537
0.26900932,0.16585612,0.15554042,-0.07140134,0.10396185,0.53721195,1.0426701,1.156141,1.011725,0.9292012,0.7641537,0.6713143
0.16585612,0.15554042,-0.07140134,0.10396185,0.53721195,1.0426701,1.156141,1.011725,0.9292012,0.7641537,0.6713143,0.5784748
0.15554042,-0.07140134,0.10396185,0.53721195,1.0426701,1.156141,1.011725,0.9292012,0.7641537,0.6713143,0.5784748,0.4959511
-0.07140134,0.10396185,0.53721195,1.0426701,1.156141,1.011725,0.9292012,0.7641537,0.6713143,0.5784748,0.4959511,0.47531965
0.10396185,0.53721195,1.0426701,1.156141,1.011725,0.9292012,0.7641537,0.6713143,0.5784748,0.4959511,0.47531965,0.34121737
0.53721195,1.0426701,1.156141,1.011725,0.9292012,0.7641537,0.6713143,0.5784748,0.4959511,0.47531965,0.34121737,0.23806415
1.0426701,1.156141,1.011725,0.9292012,0.7641537,0.6713143,0.5784748,0.4959511,0.47531965,0.34121737,0.23806415,0.87762266
1.156141,1.011725,0.9292012,0.7641537,0.6713143,0.5784748,0.4959511,0.47531965,0.34121737,0.23806415,0.87762266,1.2386647
1.011725,0.9292012,0.7641537,0.6713143,0.5784748,0.4959511,0.47531965,0.34121737,0.23806415,0.87762266,1.2386647,1.4037123
0.9292012,0.7641537,0.6713143,0.5784748,0.4959511,0.47531965,0.34121737,0.23806415,0.87762266,1.2386647,1.4037123,0.91888547
0.7641537,0.6713143,0.5784748,0.4959511,0.47531965,0.34121737,0.23806415,0.87762266,1.2386647,1.4037123,0.91888547,0.18648559
0.6713143,0.5784748,0.4959511,0.47531965,0.34121737,0.23806415,0.87762266,1.2386647,1.4037123,0.91888547,0.18648559,-0.08171706
0.5784748,0.4959511,0.47531965,0.34121737,0.23806415,0.87762266,1.2386647,1.4037123,0.91888547,0.18648559,-0.08171706,-0.20550168
0.4959511,0.47531965,0.34121737,0.23806415,0.87762266,1.2386647,1.4037123,0.91888547,0.18648559,-0.08171706,-0.20550168,-0.23644882
0.47531965,0.34121737,0.23806415,0.87762266,1.2386647,1.4037123,0.91888547,0.18648559,-0.08171706,-0.20550168,-0.23644882,-0.79348356
0.34121737,0.23806415,0.87762266,1.2386647,1.4037123,0.91888547,0.18648559,-0.08171706,-0.20550168,-0.23644882,-0.79348356,-1.2370495
0.23806415,0.87762266,1.2386647,1.4037123,0.91888547,0.18648559,-0.08171706,-0.20550168,-0.23644882,-0.79348356,-1.2370495,-1.288628
0.87762266,1.2386647,1.4037123,0.91888547,0.18648559,-0.08171706,-0.20550168,-0.23644882,-0.79348356,-1.2370495,-1.288628,-0.8244307
1.2386647,1.4037123,0.91888547,0.18648559,-0.08171706,-0.20550168,-0.23644882,-0.79348356,-1.2370495,-1.288628,-0.8244307,-0.31897256
1.4037123,0.91888547,0.18648559,-0.08171706,-0.20550168,-0.23644882,-0.79348356,-1.2370495,-1.288628,-0.8244307,-0.31897256,0.64036715
0.91888547,0.18648559,-0.08171706,-0.20550168,-0.23644882,-0.79348356,-1.2370495,-1.288628,-0.8244307,-0.31897256,0.64036715,1.0014093
0.18648559,-0.08171706,-0.20550168,-0.23644882,-0.79348356,-1.2370495,-1.288628,-0.8244307,-0.31897256,0.64036715,1.0014093,0.87762266
-0.08171706,-0.20550168,-0.23644882,-0.79348356,-1.2370495,-1.288628,-0.8244307,-0.31897256,0.64036715,1.0014093,0.87762266,0.43405682
-0.20550168,-0.23644882,-0.79348356,-1.2370495,-1.288628,-0.8244307,-0.31897256,0.64036715,1.0014093,0.87762266,0.43405682,0.28964075
-0.23644882,-0.79348356,-1.2370495,-1.288628,-0.8244307,-0.31897256,0.64036715,1.0014093,0.87762266,0.43405682,0.28964075,0.45468822
-0.79348356,-1.2370495,-1.288628,-0.8244307,-0.31897256,0.64036715,1.0014093,0.87762266,0.43405682,0.28964075,0.45468822,0.5475277
-1.2370495,-1.288628,-0.8244307,-0.31897256,0.64036715,1.0014093,0.87762266,0.43405682,0.28964075,0.45468822,0.5475277,0.83636177
-1.288628,-0.8244307,-0.31897256,0.64036715,1.0014093,0.87762266,0.43405682,0.28964075,0.45468822,0.5475277,0.83636177,0.8879384
-0.8244307,-0.31897256,0.64036715,1.0014093,0.87762266,0.43405682,0.28964075,0.45468822,0.5475277,0.83636177,0.8879384,0.3721645
-0.31897256,0.64036715,1.0014093,0.87762266,0.43405682,0.28964075,0.45468822,0.5475277,0.83636177,0.8879384,0.3721645,0.0008066837
0.64036715,1.0014093,0.87762266,0.43405682,0.28964075,0.45468822,0.5475277,0.83636177,0.8879384,0.3721645,0.0008066837,0.22774844
1.0014093,0.87762266,0.43405682,0.28964075,0.45468822,0.5475277,0.83636177,0.8879384,0.3721645,0.0008066837,0.22774844,0.64036715
0.87762266,0.43405682,0.28964075,0.45468822,0.5475277,0.83636177,0.8879384,0.3721645,0.0008066837,0.22774844,0.64036715,0.5991043
0.43405682,0.28964075,0.45468822,0.5475277,0.83636177,0.8879384,0.3721645,0.0008066837,0.22774844,0.64036715,0.5991043,0.5062668
0.28964075,0.45468822,0.5475277,0.83636177,0.8879384,0.3721645,0.0008066837,0.22774844,0.64036715,0.5991043,0.5062668,-0.17455651
0.45468822,0.5475277,0.83636177,0.8879384,0.3721645,0.0008066837,0.22774844,0.64036715,0.5991043,0.5062668,-0.17455651,-0.7625384
0.5475277,0.83636177,0.8879384,0.3721645,0.0008066837,0.22774844,0.64036715,0.5991043,0.5062668,-0.17455651,-0.7625384,-1.3092574
0.83636177,0.8879384,0.3721645,0.0008066837,0.22774844,0.64036715,0.5991043,0.5062668,-0.17455651,-0.7625384,-1.3092574,-1.6084073
0.8879384,0.3721645,0.0008066837,0.22774844,0.64036715,0.5991043,0.5062668,-0.17455651,-0.7625384,-1.3092574,-1.6084073,-1.763139
0.3721645,0.0008066837,0.22774844,0.64036715,0.5991043,0.5062668,-0.17455651,-0.7625384,-1.3092574,-1.6084073,-1.763139,-1.9281864
0.0008066837,0.22774844,0.64036715,0.5991043,0.5062668,-0.17455651,-0.7625384,-1.3092574,-1.6084073,-1.763139,-1.9281864,-2.0829182
0.22774844,0.64036715,0.5991043,0.5062668,-0.17455651,-0.7625384,-1.3092574,-1.6084073,-1.763139,-1.9281864,-2.0829182,-1.8559785
0.64036715,0.5991043,0.5062668,-0.17455651,-0.7625384,-1.3092574,-1.6084073,-1.763139,-1.9281864,-2.0829182,-1.8559785,-0.8347464
0.5991043,0.5062668,-0.17455651,-0.7625384,-1.3092574,-1.6084073,-1.763139,-1.9281864,-2.0829182,-1.8559785,-0.8347464,-0.050769914
0.5062668,-0.17455651,-0.7625384,-1.3092574,-1.6084073,-1.763139,-1.9281864,-2.0829182,-1.8559785,-0.8347464,-0.050769914,0.21743272
-0.17455651,-0.7625384,-1.3092574,-1.6084073,-1.763139,-1.9281864,-2.0829182,-1.8559785,-0.8347464,-0.050769914,0.21743272,0.16585612
-0.7625384,-1.3092574,-1.6084073,-1.763139,-1.9281864,-2.0829182,-1.8559785,-0.8347464,-0.050769914,0.21743272,0.16585612,0.114277564
-1.3092574,-1.6084073,-1.763139,-1.9281864,-2.0829182,-1.8559785,-0.8347464,-0.050769914,0.21743272,0.16585612,0.114277564,-0.16424079
-1.6084073,-1.763139,-1.9281864,-2.0829182,-1.8559785,-0.8347464,-0.050769914,0.21743272,0.16585612,0.114277564,-0.16424079,-0.42212772
-1.763139,-1.9281864,-2.0829182,-1.8559785,-0.8347464,-0.050769914,0.21743272,0.16585612,0.114277564,-0.16424079,-0.42212772,-0.52528095
-1.9281864,-2.0829182,-1.8559785,-0.8347464,-0.050769914,0.21743272,0.16585612,0.114277564,-0.16424079,-0.42212772,-0.52528095,-0.6490675
-2.0829182,-1.8559785,-0.8347464,-0.050769914,0.21743272,0.16585612,0.114277564,-0.16424079,-0.42212772,-0.52528095,-0.6490675,-1.1751571
-1.8559785,-0.8347464,-0.050769914,0.21743272,0.16585612,0.114277564,-0.16424079,-0.42212772,-0.52528095,-0.6490675,-1.1751571,-1.2576809
-0.8347464,-0.050769914,0.21743272,0.16585612,0.114277564,-0.16424079,-0.42212772,-0.52528095,-0.6490675,-1.1751571,-1.2576809,-0.94821733
-0.050769914,0.21743272,0.16585612,0.114277564,-0.16424079,-0.42212772,-0.52528095,-0.6490675,-1.1751571,-1.2576809,-0.94821733,-0.29834113
0.21743272,0.16585612,0.114277564,-0.16424079,-0.42212772,-0.52528095,-0.6490675,-1.1751571,-1.2576809,-0.94821733,-0.29834113,0.60942
0.16585612,0.114277564,-0.16424079,-0.42212772,-0.52528095,-0.6490675,-1.1751571,-1.2576809,-0.94821733,-0.29834113,0.60942,1.1458253
0.114277564,-0.16424079,-0.42212772,-0.52528095,-0.6490675,-1.1751571,-1.2576809,-0.94821733,-0.29834113,0.60942,1.1458253,1.1974039
-0.16424079,-0.42212772,-0.52528095,-0.6490675,-1.1751571,-1.2576809,-0.94821733,-0.29834113,0.60942,1.1458253,1.1974039,0.9292012
-0.42212772,-0.52528095,-0.6490675,-1.1751571,-1.2576809,-0.94821733,-0.29834113,0.60942,1.1458253,1.1974039,0.9292012,0.5578434
-0.52528095,-0.6490675,-1.1751571,-1.2576809,-0.94821733,-0.29834113,0.60942,1.1458253,1.1974039,0.9292012,0.5578434,0.53721195
-0.6490675,-1.1751571,-1.2576809,-0.94821733,-0.29834113,0.60942,1.1458253,1.1974039,0.9292012,0.5578434,0.53721195,0.7435223
-1.1751571,-1.2576809,-0.94821733,-0.29834113,0.60942,1.1458253,1.1974039,0.9292012,0.5578434,0.53721195,0.7435223,1.3211884
-1.2576809,-0.94821733,-0.29834113,0.60942,1.1458253,1.1974039,0.9292012,0.5578434,0.53721195,0.7435223,1.3211884,1.5068674
-0.94821733,-0.29834113,0.60942,1.1458253,1.1974039,0.9292012,0.5578434,0.53721195,0.7435223,1.3211884,1.5068674,1.228349
-0.29834113,0.60942,1.1458253,1.1974039,0.9292012,0.5578434,0.53721195,0.7435223,1.3211884,1.5068674,1.228349,1.1664567
0.60942,1.1458253,1.1974039,0.9292012,0.5578434,0.53721195,0.7435223,1.3211884,1.5068674,1.228349,1.1664567,1.3418199
1.1458253,1.1974039,0.9292012,0.5578434,0.53721195,0.7435223,1.3211884,1.5068674,1.228349,1.1664567,1.3418199,1.3624513
1.1974039,0.9292012,0.5578434,0.53721195,0.7435223,1.3211884,1.5068674,1.228349,1.1664567,1.3418199,1.3624513,0.85699123
0.9292012,0.5578434,0.53721195,0.7435223,1.3211884,1.5068674,1.228349,1.1664567,1.3418199,1.3624513,0.85699123,0.16585612
0.5578434,0.53721195,0.7435223,1.3211884,1.5068674,1.228349,1.1664567,1.3418199,1.3624513,0.85699123,0.16585612,-0.68001467
0.53721195,0.7435223,1.3211884,1.5068674,1.228349,1.1664567,1.3418199,1.3624513,0.85699123,0.16585612,-0.68001467,-1.4536755
0.7435223,1.3211884,1.5068674,1.228349,1.1664567,1.3418199,1.3624513,0.85699123,0.16585612,-0.68001467,-1.4536755,-1.8147156
1.3211884,1.5068674,1.228349,1.1664567,1.3418199,1.3624513,0.85699123,0.16585612,-0.68001467,-1.4536755,-1.8147156,-1.907555
1.5068674,1.228349,1.1664567,1.3418199,1.3624513,0.85699123,0.16585612,-0.68001467,-1.4536755,-1.8147156,-1.907555,-1.8766099
1.228349,1.1664567,1.3418199,1.3624513,0.85699123,0.16585612,-0.68001467,-1.4536755,-1.8147156,-1.907555,-1.8766099,-1.9385022
1.1664567,1.3418199,1.3624513,0.85699123,0.16585612,-0.68001467,-1.4536755,-1.8147156,-1.907555,-1.8766099,-1.9385022,-1.9385022
1.3418199,1.3624513,0.85699123,0.16585612,-0.68001467,-1.4536755,-1.8147156,-1.907555,-1.8766099,-1.9385022,-1.9385022,-1.2783122
